13,7,6,7,5,4,5,7,6,8,8,4,8,3,6,4,5,6,6,5,5,7,5,5,6,5,6,7,4,6,6,6,1,5,6,6,7,5,6,5,*,*,*,*,*,*,*,*,*,*,*,*,*,*,*,*,*,*,*,*,*,*,*,*,*,*,*,*,*,*,*,*,*,*,*,*,*,*,*,*
14,5,7,7,3,7,5,7,6,8,7,5,8,6,9,9,6,3,2,4,3,6,2,7,8,4,7,2,4,4,5,7,7,8,9,8,7,9,8,8,*,*,*,*,*,*,*,*,*,*,*,*,*,*,*,*,*,*,*,*,*,*,*,*,*,*,*,*,*,*,*,*,*,*,*,*,*,*,*,*
15,4,8,4,5,3,3,6,3,9,7,8,8,8,8,8,9,9,6,7,7,5,8,7,5,6,6,6,4,5,2,5,6,9,4,8,8,5,8,8,*,*,*,*,*,*,*,*,*,*,*,*,*,*,*,*,*,*,*,*,*,*,*,*,*,*,*,*,*,*,*,*,*,*,*,*,*,*,*,*
22,6,7,9,9,8,8,9,8,9,8,9,9,9,9,9,9,7,3,6,6,8,4,4,3,6,4,6,3,6,3,4,8,9,9,9,9,8,9,9,*,*,*,*,*,*,*,*,*,*,*,*,*,*,*,*,*,*,*,*,*,*,*,*,*,*,*,*,*,*,*,*,*,*,*,*,*,*,*,*
26,5,6,7,5,2,2,7,3,9,9,9,9,9,9,9,9,9,8,5,5,7,9,5,6,5,6,7,3,5,5,6,3,7,9,8,6,5,9,7,8,6,3,3,3,2,6,4,8,9,8,9,8,8,8,9,7,4,8,8,8,8,5,6,1,4,1,6,3,5,5,2,9,7,7,8,8,3,7,8
27,3,3,6,5,4,5,4,8,9,8,6,3,8,6,8,8,8,6,6,2,4,6,8,4,7,5,5,6,8,2,6,6,5,5,6,6,4,5,4,*,*,*,*,*,*,*,*,*,*,*,*,*,*,*,*,*,*,*,*,*,*,*,*,*,*,*,*,*,*,*,*,*,*,*,*,*,*,*,*
29,2,5,4,2,2,2,3,3,8,7,7,7,8,8,9,8,7,6,6,6,6,5,7,7,6,7,7,3,4,5,6,7,7,7,8,8,7,6,7,4,6,7,2,2,2,5,6,8,9,9,9,9,9,9,9,9,9,9,9,6,8,9,9,3,3,3,3,4,3,3,7,7,9,9,8,6,7,8,7
30,7,7,8,8,8,8,8,8,8,7,7,8,8,7,8,8,6,8,4,7,7,8,8,4,3,5,6,6,6,4,8,3,7,8,8,8,6,8,8,9,8,8,9,7,9,9,9,9,8,4,8,7,6,6,8,8,7,8,8,8,8,8,9,4,6,6,6,4,6,6,6,7,8,9,9,7,4,9,7
31,6,6,9,7,6,6,7,8,8,9,9,7,8,6,7,8,8,4,7,8,7,6,5,2,1,1,2,3,3,3,2,8,6,7,8,8,6,7,7,*,*,*,*,*,*,*,*,*,*,*,*,*,*,*,*,*,*,*,*,*,*,*,*,*,*,*,*,*,*,*,*,*,*,*,*,*,*,*,*
32,4,8,9,5,8,6,9,8,8,7,7,7,8,7,7,8,6,9,8,7,4,6,5,6,6,4,6,7,3,9,6,8,8,6,6,7,4,4,8,7,8,3,7,5,4,4,4,5,5,5,4,5,7,6,7,4,7,3,3,6,3,5,6,5,6,4,4,6,3,3,6,4,3,4,8,5,3,7,5
35,3,1,3,2,3,2,6,3,7,6,5,7,7,8,8,6,7,4,7,7,7,7,6,6,7,6,8,7,6,6,8,9,8,2,3,8,6,2,9,3,3,3,2,5,3,4,4,3,7,3,6,6,7,9,5,7,6,7,7,8,6,7,7,5,6,6,6,8,7,7,7,8,8,3,3,8,7,3,9
36,3,6,8,5,6,4,8,4,7,7,6,7,4,7,8,7,4,4,4,4,7,4,7,7,8,6,7,6,8,6,6,7,7,7,7,7,7,6,8,4,8,7,7,8,4,9,6,9,7,8,8,4,9,9,7,2,2,4,2,7,3,6,4,8,7,7,8,8,7,6,6,9,9,7,7,9,8,8,9
37,8,7,8,7,8,9,8,9,7,7,4,7,9,7,7,7,8,4,7,7,7,7,6,2,2,3,2,3,7,4,4,6,7,8,7,8,6,7,8,5,8,7,6,2,7,7,6,4,7,3,6,8,6,7,4,8,7,7,7,*,9,7,6,6,6,4,6,4,7,7,5,7,8,8,7,8,6,9,9
41,5,9,9,5,9,9,9,5,9,9,9,9,9,8,9,9,9,8,7,9,5,9,5,5,6,1,6,2,8,6,9,6,9,9,9,8,5,9,9,*,*,*,*,*,*,*,*,*,*,*,*,*,*,*,*,*,*,*,*,*,*,*,*,*,*,*,*,*,*,*,*,*,*,*,*,*,*,*,*
44,4,6,5,6,2,2,5,4,8,7,6,7,9,7,8,8,4,5,7,6,8,5,7,4,6,2,2,2,2,3,2,7,7,7,7,8,7,7,8,*,*,*,*,*,*,*,*,*,*,*,*,*,*,*,*,*,*,*,*,*,*,*,*,*,*,*,*,*,*,*,*,*,*,*,*,*,*,*,*
48,7,7,6,4,9,8,7,4,4,9,4,9,4,6,8,7,*,2,5,8,8,3,5,6,5,6,9,1,6,6,6,8,7,8,7,6,5,8,6,*,*,*,*,*,*,*,*,*,*,*,*,*,*,*,*,*,*,*,*,*,*,*,*,*,*,*,*,*,*,*,*,*,*,*,*,*,*,*,*
51,5,7,8,6,4,4,9,6,4,9,4,7,6,6,6,7,5,4,7,7,6,6,6,5,5,4,6,3,5,6,2,6,5,8,7,6,2,6,6,4,7,7,7,4,4,8,6,4,8,4,8,5,6,7,7,8,7,7,7,6,7,6,6,6,3,6,8,6,6,6,6,8,6,7,7,6,4,7,7
58,4,4,8,5,6,4,6,9,8,7,4,8,7,8,8,7,8,3,8,6,7,7,5,7,6,6,4,6,7,4,6,7,4,4,6,7,4,2,8,7,8,7,8,7,7,8,6,4,8,2,7,4,7,7,6,8,4,7,8,8,7,6,6,4,6,6,7,4,7,5,6,7,6,4,7,7,6,5,7
61,9,6,8,5,9,6,8,8,8,8,8,9,8,8,8,8,7,8,7,8,7,9,5,2,4,4,3,2,6,6,6,5,5,4,7,6,5,3,5,4,7,7,7,6,8,9,8,9,7,8,8,8,9,8,9,9,8,8,2,7,8,9,9,2,2,2,3,2,1,2,8,9,7,7,7,8,6,4,8
64,4,7,8,7,4,6,7,7,7,9,8,9,9,9,8,9,6,8,7,7,8,8,7,6,4,3,3,2,5,*,4,8,8,9,9,8,9,9,7,3,7,6,6,3,4,7,3,3,8,3,8,4,7,8,6,8,3,8,8,8,4,7,8,6,7,6,8,2,8,6,6,7,8,8,7,8,7,8,8
66,4,5,6,5,3,7,6,5,5,7,6,8,8,4,6,6,6,6,4,4,5,6,5,6,5,7,6,4,2,5,6,4,2,4,6,4,4,4,5,*,*,*,*,*,*,*,*,*,*,*,*,*,*,*,*,*,*,*,*,*,*,*,*,*,*,*,*,*,*,*,*,*,*,*,*,*,*,*,*
69,8,6,9,5,8,6,6,9,9,8,9,8,9,8,6,8,4,7,6,4,9,3,7,4,1,1,2,1,2,2,9,3,7,4,3,6,6,4,7,6,7,7,4,4,7,4,6,8,7,7,7,7,7,4,4,7,7,7,7,7,6,6,7,4,4,3,2,2,3,2,4,4,6,6,4,6,6,6,7
74,8,4,7,5,4,7,4,3,8,4,7,6,8,1,1,6,6,7,6,9,7,7,6,6,5,6,6,6,5,3,9,7,7,8,4,6,4,9,9,4,7,7,7,4,4,7,4,3,8,4,8,6,8,8,6,8,4,7,6,7,6,6,6,4,6,4,7,6,6,7,3,9,7,8,7,7,4,7,8
75,1,1,4,1,1,1,2,1,7,8,5,6,4,8,8,6,7,1,6,6,7,1,4,6,9,6,6,9,6,6,6,9,9,6,6,7,7,6,7,*,*,*,*,*,*,*,*,*,*,*,*,*,*,*,*,*,*,*,*,*,*,*,*,*,*,*,*,*,*,*,*,*,*,*,*,*,*,*,*
79,6,7,7,8,4,4,7,8,8,8,7,7,7,8,7,7,6,7,7,8,8,8,7,7,6,7,2,2,2,3,7,8,3,8,7,8,4,8,9,6,6,6,6,4,6,6,8,7,8,6,7,8,7,7,7,7,6,4,6,8,6,8,7,6,6,6,3,4,4,3,6,4,4,9,9,7,4,9,7
83,8,7,8,7,7,7,8,8,8,8,4,8,8,5,6,7,6,3,5,8,6,6,5,2,1,2,2,3,6,2,3,6,5,6,6,8,5,6,8,6,6,8,7,8,7,7,9,8,7,8,8,7,6,8,7,7,4,8,8,7,7,4,4,3,2,3,6,4,6,3,4,7,6,8,7,9,3,8,9
92,3,6,8,6,3,3,4,3,7,7,6,8,3,7,7,7,7,6,7,6,7,4,4,7,5,7,8,7,4,6,7,7,7,8,8,6,2,8,6,*,*,*,*,*,*,*,*,*,*,*,*,*,*,*,*,*,*,*,*,*,*,*,*,*,*,*,*,*,*,*,*,*,*,*,*,*,*,*,*
101,8,8,8,5,8,8,9,5,9,8,8,8,8,8,9,8,7,5,6,5,7,8,5,3,3,3,5,3,5,5,3,5,8,7,7,8,8,7,8,*,*,*,*,*,*,*,*,*,*,*,*,*,*,*,*,*,*,*,*,*,*,*,*,*,*,*,*,*,*,*,*,*,*,*,*,*,*,*,*
111,6,7,7,5,3,3,7,4,8,8,8,9,8,8,8,7,8,3,7,7,7,4,7,6,4,2,5,4,6,3,6,7,8,7,7,6,6,7,7,*,*,*,*,*,*,*,*,*,*,*,*,*,*,*,*,*,*,*,*,*,*,*,*,*,*,*,*,*,*,*,*,*,*,*,*,*,*,*,*
114,3,6,7,5,3,2,6,3,4,8,4,9,8,7,*,*,6,2,5,4,6,7,5,7,3,7,3,3,2,3,7,4,5,7,9,7,6,7,8,4,7,7,7,3,4,6,6,3,8,5,7,7,6,7,6,5,4,5,5,8,7,6,5,4,5,2,2,5,*,7,7,8,6,8,8,6,*,7,7
116,8,8,9,7,8,8,7,9,9,7,9,8,9,9,9,9,8,8,7,8,8,8,7,1,2,2,3,2,2,8,1,9,9,9,9,8,6,9,9,*,*,*,*,*,*,*,*,*,*,*,*,*,*,*,*,*,*,*,*,*,*,*,*,*,*,*,*,*,*,*,*,*,*,*,*,*,*,*,*
118,9,6,7,5,4,6,6,5,4,7,6,6,6,7,9,7,4,9,5,5,6,8,5,1,5,2,6,4,6,5,3,5,7,7,6,7,5,9,9,4,6,7,4,4,4,7,8,9,6,7,8,4,9,9,8,9,9,7,9,7,9,7,9,2,4,1,5,3,6,6,2,6,6,6,6,7,4,8,9
119,7,8,3,7,4,7,7,6,4,7,3,6,6,6,6,6,8,7,7,7,7,7,7,6,7,6,6,7,4,6,6,7,4,4,4,7,7,4,6,*,*,*,*,*,*,*,*,*,*,*,*,*,*,*,*,*,*,*,*,*,*,*,*,*,*,*,*,*,*,*,*,*,*,*,*,*,*,*,*
123,4,4,4,4,6,3,8,3,4,6,4,6,4,6,6,4,4,3,4,4,4,2,6,6,8,8,8,4,8,6,8,4,6,8,8,4,6,8,4,*,*,*,*,*,*,*,*,*,*,*,*,*,*,*,*,*,*,*,*,*,*,*,*,*,*,*,*,*,*,*,*,*,*,*,*,*,*,*,*
124,3,1,2,2,5,3,2,2,5,5,5,4,3,9,7,7,8,5,4,5,5,5,5,4,7,6,8,9,8,9,6,5,2,6,6,9,5,5,9,*,*,*,*,*,*,*,*,*,*,*,*,*,*,*,*,*,*,*,*,*,*,*,*,*,*,*,*,*,*,*,*,*,*,*,*,*,*,*,*
125,9,3,8,3,3,9,7,5,7,9,8,9,9,9,9,7,9,6,7,8,7,9,7,2,4,4,4,2,8,6,8,7,9,9,9,7,6,9,8,*,*,*,*,*,*,*,*,*,*,*,*,*,*,*,*,*,*,*,*,*,*,*,*,*,*,*,*,*,*,*,*,*,*,*,*,*,*,*,*
126,8,6,3,3,4,6,5,6,4,7,3,8,4,7,7,7,8,4,8,8,7,4,6,8,6,7,9,6,9,9,8,9,9,7,6,8,6,7,8,*,*,*,*,*,*,*,*,*,*,*,*,*,*,*,*,*,*,*,*,*,*,*,*,*,*,*,*,*,*,*,*,*,*,*,*,*,*,*,*
129,4,4,3,6,3,4,3,6,8,8,7,8,8,9,9,7,8,9,7,7,6,4,5,6,6,7,8,2,8,7,6,6,8,7,6,7,6,6,7,*,*,*,*,*,*,*,*,*,*,*,*,*,*,*,*,*,*,*,*,*,*,*,*,*,*,*,*,*,*,*,*,*,*,*,*,*,*,*,*
131,8,7,6,6,3,4,7,7,7,8,8,8,8,8,8,8,8,7,7,7,8,8,8,4,3,4,8,3,2,3,4,6,7,8,8,7,6,8,7,*,*,*,*,*,*,*,*,*,*,*,*,*,*,*,*,*,*,*,*,*,*,*,*,*,*,*,*,*,*,*,*,*,*,*,*,*,*,*,*
132,8,7,9,5,8,8,8,9,9,7,9,9,9,5,7,7,9,8,8,8,8,8,6,2,4,2,2,2,2,2,5,4,5,7,7,7,5,8,6,7,4,7,7,4,7,6,8,9,8,8,8,9,7,7,7,9,9,7,8,8,8,9,8,2,6,2,3,4,2,2,2,6,6,8,7,6,3,8,7
138,7,7,9,6,8,8,6,5,9,8,8,8,8,8,9,8,4,2,4,7,5,3,4,9,7,9,8,8,6,6,9,9,8,8,8,6,4,8,8,4,6,8,7,8,6,7,4,8,8,8,8,8,9,9,7,8,6,3,3,8,7,8,8,8,9,8,8,8,6,8,8,7,7,6,6,7,6,4,7
139,7,6,7,7,6,6,8,9,8,8,6,8,8,6,8,7,8,4,7,8,7,8,8,5,6,4,4,2,2,4,3,7,7,7,8,8,8,7,8,*,*,*,*,*,*,*,*,*,*,*,*,*,*,*,*,*,*,*,*,*,*,*,*,*,*,*,*,*,*,*,*,*,*,*,*,*,*,*,*
140,8,7,7,8,7,8,8,9,9,8,9,9,7,9,9,9,3,8,6,7,8,8,7,6,2,6,2,3,1,4,7,7,7,8,8,8,8,9,9,*,*,*,*,*,*,*,*,*,*,*,*,*,*,*,*,*,*,*,*,*,*,*,*,*,*,*,*,*,*,*,*,*,*,*,*,*,*,*,*
142,3,7,8,5,7,4,9,6,6,8,4,9,6,9,8,6,1,3,5,5,7,4,6,6,6,7,6,5,7,7,6,8,8,9,9,5,9,8,8,*,*,*,*,*,*,*,*,*,*,*,*,*,*,*,*,*,*,*,*,*,*,*,*,*,*,*,*,*,*,*,*,*,*,*,*,*,*,*,*
148,4,6,7,3,3,3,4,2,7,8,3,7,4,8,8,7,3,3,4,3,8,6,5,6,7,4,7,2,7,7,4,7,4,8,6,6,8,9,7,*,*,*,*,*,*,*,*,*,*,*,*,*,*,*,*,*,*,*,*,*,*,*,*,*,*,*,*,*,*,*,*,*,*,*,*,*,*,*,*
150,6,7,5,4,7,7,6,4,4,3,2,6,3,6,6,4,7,6,9,7,8,4,9,8,7,7,9,8,9,7,8,9,9,9,8,9,9,9,9,7,7,7,5,6,7,6,8,7,3,3,6,4,8,8,7,4,3,7,7,2,3,8,3,7,8,6,9,6,9,8,6,9,9,4,6,9,8,7,9
153,8,7,6,8,4,9,8,4,9,8,4,9,9,8,7,9,9,9,8,9,5,9,9,1,2,1,1,3,1,2,1,9,9,5,8,8,9,6,8,*,*,*,*,*,*,*,*,*,*,*,*,*,*,*,*,*,*,*,*,*,*,*,*,*,*,*,*,*,*,*,*,*,*,*,*,*,*,*,*
154,4,6,8,5,1,3,3,4,8,8,6,7,6,2,8,5,6,8,6,7,6,*,5,6,4,6,5,3,5,3,6,7,6,7,8,6,7,8,8,*,*,*,*,*,*,*,*,*,*,*,*,*,*,*,*,*,*,*,*,*,*,*,*,*,*,*,*,*,*,*,*,*,*,*,*,*,*,*,*
157,5,8,9,9,8,8,9,5,8,7,8,7,5,7,9,8,5,4,6,6,9,6,5,4,4,2,6,2,4,3,3,8,8,9,9,8,7,9,9,*,*,*,*,*,*,*,*,*,*,*,*,*,*,*,*,*,*,*,*,*,*,*,*,*,*,*,*,*,*,*,*,*,*,*,*,*,*,*,*
160,3,8,7,5,6,8,7,3,6,8,3,7,9,7,2,8,8,8,8,9,7,9,7,2,2,2,7,6,8,4,2,8,8,9,7,8,7,9,2,*,*,*,*,*,*,*,*,*,*,*,*,*,*,*,*,*,*,*,*,*,*,*,*,*,*,*,*,*,*,*,*,*,*,*,*,*,*,*,*
162,7,6,5,5,5,6,5,4,4,6,4,7,4,6,7,6,6,7,6,6,8,5,5,3,3,3,2,2,3,3,2,5,6,7,5,7,5,4,8,7,7,6,6,4,4,4,7,8,8,9,9,8,9,9,7,8,7,9,8,8,6,6,6,2,1,1,2,1,1,1,1,8,8,3,3,9,7,4,9
163,8,6,7,6,4,6,6,4,7,8,6,8,6,7,7,7,6,8,6,7,7,9,6,3,3,3,2,3,2,4,3,6,4,6,3,3,4,7,3,9,6,2,2,4,9,6,8,6,6,4,7,4,6,2,8,7,9,8,8,7,9,8,8,2,2,1,1,1,2,2,2,2,1,1,2,5,1,2,8
167,4,5,6,5,5,3,6,5,5,7,7,8,8,6,8,5,2,6,6,6,6,6,6,7,6,8,6,6,5,4,7,6,8,8,9,5,6,7,7,*,*,*,*,*,*,*,*,*,*,*,*,*,*,*,*,*,*,*,*,*,*,*,*,*,*,*,*,*,*,*,*,*,*,*,*,*,*,*,*
176,1,9,9,5,9,9,9,9,5,9,9,9,6,6,7,3,9,4,7,5,1,9,6,5,4,6,1,1,1,6,7,8,5,7,5,7,1,6,7,*,*,*,*,*,*,*,*,*,*,*,*,*,*,*,*,*,*,*,*,*,*,*,*,*,*,*,*,*,*,*,*,*,*,*,*,*,*,*,*
179,4,2,7,3,2,2,6,3,4,7,4,8,8,8,9,8,5,4,4,6,7,5,7,8,6,7,6,7,8,8,8,6,7,9,9,8,7,9,9,*,*,*,*,*,*,*,*,*,*,*,*,*,*,*,*,*,*,*,*,*,*,*,*,*,*,*,*,*,*,*,*,*,*,*,*,*,*,*,*
181,4,7,9,3,4,3,6,9,9,9,9,9,9,9,9,7,9,9,8,9,7,8,7,1,3,3,5,1,1,2,9,4,6,9,8,8,7,9,9,4,6,8,5,3,4,5,*,8,8,8,8,4,3,8,7,8,8,8,8,7,8,5,7,2,5,2,6,3,5,5,8,7,8,8,8,8,7,8,8
185,4,9,9,5,6,4,5,3,3,3,2,6,3,8,9,7,1,1,9,8,3,4,5,2,2,2,8,9,9,8,5,9,8,9,9,8,9,9,9,*,*,*,*,*,*,*,*,*,*,*,*,*,*,*,*,*,*,*,*,*,*,*,*,*,*,*,*,*,*,*,*,*,*,*,*,*,*,*,*
190,7,8,8,6,9,8,7,6,8,7,8,8,7,6,4,7,9,7,6,7,4,9,4,3,3,7,6,4,4,3,3,4,6,9,9,6,4,9,7,9,8,7,9,7,8,9,9,8,7,6,7,7,7,8,7,7,8,7,7,3,7,7,8,5,6,6,7,6,6,6,7,7,7,7,8,7,7,7,8
192,5,6,5,5,1,1,2,3,7,7,6,8,8,7,6,7,6,6,8,7,8,4,3,1,6,3,7,8,1,4,4,6,6,8,6,6,5,8,6,*,*,*,*,*,*,*,*,*,*,*,*,*,*,*,*,*,*,*,*,*,*,*,*,*,*,*,*,*,*,*,*,*,*,*,*,*,*,*,*
196,9,5,5,5,5,7,8,8,9,8,9,9,9,9,9,7,9,9,9,9,3,9,4,1,9,1,9,2,7,8,4,9,9,9,9,9,4,9,9,9,7,5,7,4,7,6,9,8,7,8,8,8,8,8,7,9,9,7,8,8,9,9,9,2,6,2,2,4,6,6,8,7,7,7,7,6,2,9,8
200,6,7,7,2,7,4,4,4,6,6,4,7,7,7,7,7,7,4,8,8,8,3,3,6,6,3,7,6,5,3,6,8,7,8,7,8,8,8,8,*,*,*,*,*,*,*,*,*,*,*,*,*,*,*,*,*,*,*,*,*,*,*,*,*,*,*,*,*,*,*,*,*,*,*,*,*,*,*,*
201,7,6,8,7,7,7,8,9,8,9,9,8,8,7,8,7,4,3,5,5,6,6,7,3,1,2,3,2,2,2,7,7,6,7,8,7,6,8,8,8,7,8,7,4,8,7,8,9,8,9,8,9,8,9,8,8,8,7,8,7,8,5,8,1,3,2,5,2,2,6,2,8,7,7,7,8,5,8,8
204,8,8,8,8,7,8,9,9,9,8,7,9,8,9,9,8,8,4,4,4,8,6,7,6,3,3,3,7,5,6,6,8,7,7,8,7,5,7,8,9,8,8,9,9,9,9,9,9,8,9,9,9,9,9,9,9,8,7,7,8,9,8,7,4,2,7,2,7,1,2,7,7,8,6,8,8,3,8,8
205,7,8,8,8,7,8,7,8,8,7,6,8,8,8,9,8,8,3,8,8,9,8,8,8,7,8,8,4,9,8,8,8,8,8,8,9,9,8,9,8,8,8,8,8,8,8,8,7,8,6,8,9,8,8,7,9,8,8,8,8,8,8,8,7,8,7,6,4,4,3,7,9,9,7,7,8,6,7,8
208,7,4,7,6,4,6,4,8,9,9,8,9,9,9,9,8,8,9,9,9,8,9,4,2,6,3,7,2,1,6,4,7,9,9,6,9,7,9,9,6,6,9,4,4,4,4,8,9,8,7,9,9,8,9,9,9,9,9,9,8,9,6,9,2,3,2,4,3,2,2,2,6,8,9,9,9,7,9,9
214,9,9,9,5,7,8,9,6,9,9,6,9,8,9,9,6,8,6,9,6,9,8,9,4,4,4,7,6,6,4,6,9,9,9,9,7,8,6,6,6,7,7,4,4,4,4,6,6,8,4,8,4,7,9,4,9,7,7,8,8,7,6,8,2,3,2,3,4,3,4,4,7,7,6,7,7,7,7,8
215,3,7,6,4,5,3,7,3,3,8,7,7,6,3,3,4,2,2,6,4,6,3,3,2,4,2,3,2,4,2,2,5,7,7,7,8,8,7,8,*,*,*,*,*,*,*,*,*,*,*,*,*,*,*,*,*,*,*,*,*,*,*,*,*,*,*,*,*,*,*,*,*,*,*,*,*,*,*,*
220,6,6,8,5,7,7,7,5,5,8,5,9,8,8,8,6,2,8,8,5,5,7,5,4,5,4,7,3,5,6,4,*,5,9,6,6,3,7,6,8,7,8,9,8,8,6,8,8,9,8,8,8,6,8,7,3,7,8,8,8,4,3,6,3,2,2,1,1,2,2,4,2,2,9,7,2,2,8,3
223,7,7,9,5,9,1,7,5,9,8,8,9,9,7,8,8,8,9,7,8,8,8,7,4,6,3,4,2,3,6,4,3,6,7,6,7,4,8,8,*,*,*,*,*,*,*,*,*,*,*,*,*,*,*,*,*,*,*,*,*,*,*,*,*,*,*,*,*,*,*,*,*,*,*,*,*,*,*,*
225,6,7,7,8,7,6,7,7,9,7,8,9,9,9,9,8,7,2,3,3,4,6,3,3,7,3,9,6,7,7,4,9,8,8,9,8,8,9,9,4,7,6,7,4,6,6,4,4,7,3,6,4,7,6,7,6,4,7,6,7,4,6,4,6,8,6,8,7,7,7,6,9,7,7,7,7,7,6,8
227,5,6,9,5,8,6,9,5,8,8,9,8,9,7,8,7,7,4,7,9,8,8,5,1,5,1,8,4,3,3,2,6,8,7,8,6,3,8,8,*,*,*,*,*,*,*,*,*,*,*,*,*,*,*,*,*,*,*,*,*,*,*,*,*,*,*,*,*,*,*,*,*,*,*,*,*,*,*,*
228,4,6,8,8,6,4,9,4,7,8,7,8,8,3,6,8,6,6,6,4,6,7,7,3,6,3,7,3,2,6,3,6,8,8,8,6,2,7,6,*,*,*,*,*,*,*,*,*,*,*,*,*,*,*,*,*,*,*,*,*,*,*,*,*,*,*,*,*,*,*,*,*,*,*,*,*,*,*,*
230,7,7,7,6,7,7,7,2,5,2,5,8,8,8,8,8,8,8,8,8,8,7,9,3,8,2,6,8,5,3,2,5,5,3,8,8,8,8,8,*,*,*,*,*,*,*,*,*,*,*,*,*,*,*,*,*,*,*,*,*,*,*,*,*,*,*,*,*,*,*,*,*,*,*,*,*,*,*,*
231,3,3,7,3,3,2,4,3,4,8,6,8,9,7,7,7,9,2,7,7,8,8,7,8,7,7,4,3,2,7,7,6,7,3,8,9,6,5,8,3,6,6,2,2,2,3,2,6,9,8,8,9,8,8,7,8,4,7,7,8,7,8,7,8,8,3,8,3,7,3,7,8,8,6,7,8,6,6,9
233,4,7,6,5,4,6,8,8,8,7,8,7,8,8,8,7,8,8,7,8,6,8,8,7,3,6,6,4,3,6,6,7,7,8,8,8,6,8,8,*,*,*,*,*,*,*,*,*,*,*,*,*,*,*,*,*,*,*,*,*,*,*,*,*,*,*,*,*,*,*,*,*,*,*,*,*,*,*,*
239,2,1,4,5,2,2,1,6,5,9,9,8,8,9,9,6,9,9,8,9,8,9,7,7,3,4,8,4,4,6,8,2,6,8,7,7,3,9,8,7,2,6,1,2,3,3,6,7,9,9,8,8,8,8,7,9,8,9,9,9,7,6,8,3,6,2,4,4,3,4,3,4,3,7,4,4,2,8,4
240,3,6,3,2,7,3,4,1,8,6,8,8,8,7,8,7,7,2,4,3,4,7,8,7,5,2,9,7,8,8,8,3,5,7,4,3,3,6,3,4,4,3,8,6,4,6,3,7,7,7,7,7,8,8,7,7,8,7,8,7,8,7,8,6,6,6,6,6,7,6,6,8,7,8,7,8,8,8,9
241,6,7,8,5,6,9,8,8,7,8,8,8,9,7,7,7,4,3,7,6,8,6,3,4,2,4,6,6,2,4,3,8,7,9,7,7,3,9,8,6,8,8,8,8,7,8,9,9,9,*,9,9,8,8,8,8,5,7,9,8,9,7,5,2,3,2,2,3,2,2,2,6,5,9,2,6,5,9,8
245,5,6,4,7,7,5,3,7,9,6,6,9,8,5,6,5,2,8,5,8,7,7,2,3,6,6,7,6,4,2,8,5,7,3,5,5,5,6,9,*,*,*,*,*,*,*,*,*,*,*,*,*,*,*,*,*,*,*,*,*,*,*,*,*,*,*,*,*,*,*,*,*,*,*,*,*,*,*,*
246,7,7,8,5,8,7,9,5,9,8,9,8,8,9,9,8,6,6,6,6,7,9,5,2,2,2,4,5,5,5,2,6,5,7,9,7,3,8,8,*,*,*,*,*,*,*,*,*,*,*,*,*,*,*,*,*,*,*,*,*,*,*,*,*,*,*,*,*,*,*,*,*,*,*,*,*,*,*,*
248,4,6,7,5,7,4,6,5,8,8,9,8,9,9,9,9,8,9,7,8,6,9,7,5,2,6,3,3,2,5,5,5,8,9,9,7,5,9,7,*,*,*,*,*,*,*,*,*,*,*,*,*,*,*,*,*,*,*,*,*,*,*,*,*,*,*,*,*,*,*,*,*,*,*,*,*,*,*,*
251,4,6,7,3,4,4,8,8,8,8,8,8,8,7,7,7,8,9,8,8,7,8,7,3,4,2,3,4,3,3,4,5,7,8,4,7,6,8,7,3,6,8,6,4,3,7,8,7,8,7,8,8,8,8,8,7,8,8,7,8,7,8,9,5,6,3,3,3,2,2,4,6,6,7,6,7,6,7,7
252,4,6,6,6,3,4,6,6,6,8,6,8,7,8,9,7,7,6,6,7,6,8,6,3,5,2,6,3,6,6,3,6,6,7,6,7,6,6,8,*,*,*,*,*,*,*,*,*,*,*,*,*,*,*,*,*,*,*,*,*,*,*,*,*,*,*,*,*,*,*,*,*,*,*,*,*,*,*,*
257,4,7,8,5,3,2,6,6,5,8,3,8,8,8,9,7,7,3,6,8,8,4,5,6,6,7,7,3,8,1,9,9,7,6,9,8,5,9,9,*,*,*,*,*,*,*,*,*,*,*,*,*,*,*,*,*,*,*,*,*,*,*,*,*,*,*,*,*,*,*,*,*,*,*,*,*,*,*,*
258,4,8,*,5,3,4,9,5,9,9,9,9,9,9,9,9,7,3,8,7,8,4,9,1,5,4,9,9,2,4,4,9,9,9,9,9,5,9,9,*,*,*,*,*,*,*,*,*,*,*,*,*,*,*,*,*,*,*,*,*,*,*,*,*,*,*,*,*,*,*,*,*,*,*,*,*,*,*,*
261,9,8,9,9,9,9,8,9,9,8,7,8,4,4,9,7,8,9,9,9,9,9,9,4,1,4,1,1,5,2,4,7,7,7,6,7,7,8,9,*,*,*,*,*,*,*,*,*,*,*,*,*,*,*,*,*,*,*,*,*,*,*,*,*,*,*,*,*,*,*,*,*,*,*,*,*,*,*,*
262,6,7,8,5,9,8,6,9,9,8,9,9,6,5,7,7,7,9,6,9,5,9,5,2,1,2,3,3,4,6,7,4,7,9,7,6,1,9,7,*,*,*,*,*,*,*,*,*,*,*,*,*,*,*,*,*,*,*,*,*,*,*,*,*,*,*,*,*,*,*,*,*,*,*,*,*,*,*,*
267,7,7,7,5,7,8,8,8,8,7,8,8,8,7,8,7,8,6,6,8,4,8,2,2,2,2,2,3,3,2,3,4,7,7,7,6,5,7,7,7,6,7,7,6,6,7,6,6,7,4,8,7,6,4,6,6,6,6,6,7,6,6,6,3,4,4,3,4,6,3,4,6,7,7,7,7,7,7,4
270,5,7,7,5,4,4,6,5,6,8,4,9,8,9,9,9,9,5,5,5,6,9,7,5,5,4,7,4,6,6,5,7,7,5,5,7,5,5,9,*,*,*,*,*,*,*,*,*,*,*,*,*,*,*,*,*,*,*,*,*,*,*,*,*,*,*,*,*,*,*,*,*,*,*,*,*,*,*,*
271,6,7,9,5,8,6,8,9,9,7,9,7,9,9,9,7,4,3,2,3,6,2,4,8,7,8,9,6,8,6,9,8,9,8,9,4,3,9,4,*,*,*,*,*,*,*,*,*,*,*,*,*,*,*,*,*,*,*,*,*,*,*,*,*,*,*,*,*,*,*,*,*,*,*,*,*,*,*,*
272,4,8,9,5,8,8,9,5,7,8,6,8,2,7,7,7,7,6,7,9,4,9,5,2,5,1,6,2,7,2,2,4,7,9,9,8,3,9,8,9,9,8,9,8,6,9,7,4,9,2,9,1,9,9,6,6,8,8,9,7,9,7,9,6,5,6,9,1,9,2,4,8,9,9,8,9,6,9,9
276,4,8,8,5,8,4,8,6,7,7,8,9,6,9,9,9,3,6,4,6,4,6,6,5,5,8,7,6,5,9,5,7,7,9,6,6,5,5,8,*,*,*,*,*,*,*,*,*,*,*,*,*,*,*,*,*,*,*,*,*,*,*,*,*,*,*,*,*,*,*,*,*,*,*,*,*,*,*,*
285,4,6,8,5,4,4,8,8,8,7,8,9,9,7,8,8,4,3,6,8,7,5,5,5,5,7,9,4,6,9,3,7,7,7,7,8,5,8,8,*,*,*,*,*,*,*,*,*,*,*,*,*,*,*,*,*,*,*,*,*,*,*,*,*,*,*,*,*,*,*,*,*,*,*,*,*,*,*,*
287,7,7,7,9,8,7,8,7,9,8,8,9,9,8,7,8,9,8,7,6,9,8,8,2,6,1,6,6,1,6,1,9,9,8,5,9,7,9,9,9,7,9,9,9,9,7,9,9,9,8,9,9,5,8,8,9,9,5,5,9,9,7,8,4,1,3,1,4,1,1,3,6,7,9,9,9,7,9,9
288,7,7,8,5,6,4,8,9,9,8,7,8,8,6,8,5,2,7,5,5,4,4,5,7,5,3,6,4,2,6,5,5,*,7,7,7,5,8,8,7,7,8,4,2,4,6,9,9,6,9,9,9,7,9,7,9,9,9,9,7,9,6,8,1,1,1,2,2,2,4,2,1,6,8,8,8,4,9,9
292,6,9,9,5,9,9,9,9,5,8,9,9,9,9,9,9,5,9,9,9,5,9,5,1,1,1,4,5,5,5,5,6,5,5,8,9,1,5,9,*,*,*,*,*,*,*,*,*,*,*,*,*,*,*,*,*,*,*,*,*,*,*,*,*,*,*,*,*,*,*,*,*,*,*,*,*,*,*,*
293,5,9,6,5,1,1,1,8,5,7,6,8,8,5,5,5,8,3,5,5,5,8,5,5,5,1,7,2,5,5,6,5,9,4,5,8,5,5,9,*,*,*,*,*,*,*,*,*,*,*,*,*,*,*,*,*,*,*,*,*,*,*,*,*,*,*,*,*,*,*,*,*,*,*,*,*,*,*,*
294,8,7,9,8,7,8,8,8,8,8,8,8,8,7,8,7,7,6,6,6,7,7,6,3,3,3,7,8,6,6,4,9,8,8,9,8,7,8,8,7,7,9,9,7,6,8,7,8,8,7,9,8,8,9,8,6,6,7,6,8,6,7,7,6,4,6,7,2,4,7,6,8,8,9,9,8,7,9,9
296,8,7,8,8,5,7,9,5,8,8,8,8,7,8,8,8,7,9,8,8,8,7,7,6,2,2,8,1,8,9,2,8,8,5,7,8,6,8,8,*,*,*,*,*,*,*,*,*,*,*,*,*,*,*,*,*,*,*,*,*,*,*,*,*,*,*,*,*,*,*,*,*,*,*,*,*,*,*,*
297,4,7,6,2,3,4,4,6,7,7,6,7,8,7,9,7,9,9,8,9,7,9,5,2,4,6,6,4,5,6,6,7,6,7,6,6,5,8,9,*,*,*,*,*,*,*,*,*,*,*,*,*,*,*,*,*,*,*,*,*,*,*,*,*,*,*,*,*,*,*,*,*,*,*,*,*,*,*,*
305,1,7,8,9,2,3,8,3,7,8,5,7,8,8,8,7,7,8,8,6,6,4,8,6,8,7,8,3,5,7,4,6,8,8,9,6,7,8,8,*,*,*,*,*,*,*,*,*,*,*,*,*,*,*,*,*,*,*,*,*,*,*,*,*,*,*,*,*,*,*,*,*,*,*,*,*,*,*,*
306,6,8,8,8,4,4,8,9,9,8,9,9,9,9,9,9,3,3,8,8,5,8,6,5,5,6,6,6,2,5,1,8,8,9,9,8,8,9,8,*,*,*,*,*,*,*,*,*,*,*,*,*,*,*,*,*,*,*,*,*,*,*,*,*,*,*,*,*,*,*,*,*,*,*,*,*,*,*,*
309,4,7,8,4,3,2,7,9,8,9,9,9,7,6,7,8,7,4,9,9,9,6,5,6,3,6,2,1,5,2,6,5,1,9,9,9,1,9,9,*,*,*,*,*,*,*,*,*,*,*,*,*,*,*,*,*,*,*,*,*,*,*,*,*,*,*,*,*,*,*,*,*,*,*,*,*,*,*,*
310,4,3,3,2,1,2,8,4,9,8,6,9,9,9,9,8,8,3,4,3,9,8,6,7,9,8,9,7,9,9,9,8,9,9,9,9,7,9,9,*,*,*,*,*,*,*,*,*,*,*,*,*,*,*,*,*,*,*,*,*,*,*,*,*,*,*,*,*,*,*,*,*,*,*,*,*,*,*,*
313,6,7,6,6,8,6,8,8,8,8,7,8,7,9,8,8,6,6,5,4,8,7,8,5,7,6,7,6,8,3,4,7,7,7,6,8,5,7,8,8,7,5,4,7,7,7,6,8,8,7,7,7,7,8,6,7,7,6,6,8,6,4,7,4,7,4,7,7,7,7,3,7,7,8,7,8,5,7,8
323,7,7,7,7,6,7,8,4,6,7,6,8,7,7,9,7,6,2,6,6,7,7,7,6,7,8,9,*,7,7,8,9,8,9,9,8,9,9,8,*,*,*,*,*,*,*,*,*,*,*,*,*,*,*,*,*,*,*,*,*,*,*,*,*,*,*,*,*,*,*,*,*,*,*,*,*,*,*,*
335,5,7,5,5,4,4,4,6,1,8,7,8,8,9,9,9,*,8,8,6,9,6,5,8,7,8,8,3,7,9,8,8,9,7,4,9,5,5,8,*,*,*,*,*,*,*,*,*,*,*,*,*,*,*,*,*,*,*,*,*,*,*,*,*,*,*,*,*,*,*,*,*,*,*,*,*,*,*,*
336,7,6,6,7,7,6,6,8,8,7,6,8,9,9,9,8,4,7,7,7,7,8,4,6,4,6,8,8,7,6,8,7,5,6,7,7,3,8,9,*,*,*,*,*,*,*,*,*,*,*,*,*,*,*,*,*,*,*,*,*,*,*,*,*,*,*,*,*,*,*,*,*,*,*,*,*,*,*,*
349,7,7,5,5,9,5,9,6,4,4,4,6,4,6,6,6,3,9,5,4,6,9,5,7,5,8,9,8,9,9,9,8,9,7,4,4,5,4,6,7,7,4,6,6,6,7,7,6,6,2,7,9,6,8,6,6,9,8,9,6,8,7,9,6,7,6,6,6,6,4,4,6,6,4,4,7,4,4,8
352,6,6,7,8,3,4,8,6,8,8,4,9,4,8,8,7,8,4,6,8,7,2,5,8,9,8,8,6,6,7,8,8,7,9,9,8,7,9,8,*,*,*,*,*,*,*,*,*,*,*,*,*,*,*,*,*,*,*,*,*,*,*,*,*,*,*,*,*,*,*,*,*,*,*,*,*,*,*,*
356,9,7,9,8,9,9,9,9,9,7,7,8,5,7,9,8,7,9,9,8,7,9,7,3,3,6,2,6,6,2,6,8,4,9,9,7,5,9,9,*,*,*,*,*,*,*,*,*,*,*,*,*,*,*,*,*,*,*,*,*,*,*,*,*,*,*,*,*,*,*,*,*,*,*,*,*,*,*,*
357,8,7,9,8,8,8,8,8,7,7,8,8,8,7,8,8,8,6,7,7,6,6,6,6,6,6,7,3,6,6,6,8,9,7,8,7,6,6,7,*,*,*,*,*,*,*,*,*,*,*,*,*,*,*,*,*,*,*,*,*,*,*,*,*,*,*,*,*,*,*,*,*,*,*,*,*,*,*,*
358,4,6,4,3,3,3,4,4,7,7,7,6,8,6,7,7,4,3,4,5,4,6,4,6,3,4,6,3,5,3,7,7,6,7,7,7,6,7,7,*,*,*,*,*,*,*,*,*,*,*,*,*,*,*,*,*,*,*,*,*,*,*,*,*,*,*,*,*,*,*,*,*,*,*,*,*,*,*,*
362,9,8,9,5,7,9,9,6,3,7,4,7,4,6,7,6,3,3,6,4,6,4,4,8,4,8,9,6,7,7,8,8,7,9,8,7,7,9,7,8,6,9,5,8,9,9,8,8,7,8,8,8,8,8,9,8,8,7,8,7,9,6,8,2,2,2,7,3,2,2,3,6,*,7,7,8,6,8,8
365,6,4,4,5,2,4,6,5,5,6,6,7,7,7,7,6,6,6,5,5,8,7,6,5,4,4,7,4,4,6,6,6,7,7,8,3,5,7,5,4,6,7,4,4,4,7,4,8,8,8,9,7,7,8,8,4,4,6,6,6,8,7,6,5,6,6,8,4,8,8,6,7,8,7,8,8,6,8,8
366,8,8,7,8,9,9,8,8,9,7,8,8,6,9,9,7,7,4,6,6,6,2,3,6,6,7,8,7,8,6,7,9,8,8,8,6,8,8,6,*,*,*,*,*,*,*,*,*,*,*,*,*,*,*,*,*,*,*,*,*,*,*,*,*,*,*,*,*,*,*,*,*,*,*,*,*,*,*,*
368,2,3,8,5,7,1,7,9,7,7,3,7,9,9,9,7,9,6,6,6,6,8,5,8,7,9,8,7,9,6,9,9,9,8,8,8,8,9,9,*,*,*,*,*,*,*,*,*,*,*,*,*,*,*,*,*,*,*,*,*,*,*,*,*,*,*,*,*,*,*,*,*,*,*,*,*,*,*,*
1001,4,7,9,5,4,4,8,8,8,8,6,8,7,7,8,7,7,3,6,7,8,7,7,4,7,2,3,3,3,4,3,6,8,7,7,4,7,6,3,*,*,*,*,*,*,*,*,*,*,*,*,*,*,*,*,*,*,*,*,*,*,*,*,*,*,*,*,*,*,*,*,*,*,*,*,*,*,*,*
1002,5,3,7,5,1,1,2,3,4,8,7,9,9,9,9,9,2,3,7,6,6,6,7,8,7,6,7,7,5,7,9,9,9,9,9,9,6,9,9,*,*,*,*,*,*,*,*,*,*,*,*,*,*,*,*,*,*,*,*,*,*,*,*,*,*,*,*,*,*,*,*,*,*,*,*,*,*,*,*
1003,2,6,8,6,1,1,8,6,9,4,7,*,4,4,9,6,6,4,6,3,8,6,7,9,7,9,9,4,9,9,9,9,6,7,9,8,7,9,9,4,8,7,4,5,4,6,6,4,6,3,7,4,7,9,7,3,7,8,9,8,9,8,9,7,7,7,7,4,7,7,9,8,7,7,7,7,1,9,9
1004,5,5,7,5,2,1,6,7,8,*,4,7,4,6,7,7,4,2,5,5,5,7,5,5,5,4,4,3,5,3,5,5,6,7,7,6,5,8,6,*,*,*,*,*,*,*,*,*,*,*,*,*,*,*,*,*,*,*,*,*,*,*,*,*,*,*,*,*,*,*,*,*,*,*,*,*,*,*,*
1006,6,7,7,7,3,4,3,4,3,4,3,7,4,4,3,7,7,3,7,7,7,4,4,2,3,2,2,6,3,4,2,7,8,8,9,8,8,9,9,8,7,7,7,2,7,3,6,3,6,3,7,4,4,4,6,7,6,7,8,6,4,7,7,1,1,2,1,3,4,2,1,9,9,9,9,7,9,9,9
1008,7,5,6,5,4,7,4,7,9,6,8,8,8,4,7,7,8,5,6,7,6,8,5,2,2,2,2,2,2,2,2,6,5,8,8,8,3,8,8,*,*,*,*,*,*,*,*,*,*,*,*,*,*,*,*,*,*,*,*,*,*,*,*,*,*,*,*,*,*,*,*,*,*,*,*,*,*,*,*
1024,5,6,7,5,3,2,8,5,5,6,8,7,8,7,8,9,8,7,5,5,2,8,5,5,2,2,6,7,5,9,5,5,5,8,8,5,5,8,5,*,*,*,*,*,*,*,*,*,*,*,*,*,*,*,*,*,*,*,*,*,*,*,*,*,*,*,*,*,*,*,*,*,*,*,*,*,*,*,*
1025,7,8,8,9,8,8,7,9,9,9,8,8,9,7,8,8,7,4,8,8,6,8,5,6,5,7,3,3,5,6,3,1,5,7,7,7,3,7,8,8,7,7,6,3,4,6,4,7,7,7,8,8,8,8,7,8,8,7,7,7,8,6,7,3,4,3,3,2,3,3,4,7,7,7,7,7,6,6,8
1027,8,3,2,5,3,2,1,8,9,9,8,8,8,8,9,8,9,8,6,8,7,8,4,1,2,3,1,2,5,2,8,3,6,6,6,6,2,8,8,4,4,4,4,2,2,3,6,8,9,9,9,7,8,8,8,6,7,6,6,8,6,6,6,6,4,7,2,3,4,6,4,4,6,6,6,6,4,7,7
1033,9,8,9,4,9,8,9,8,8,8,8,8,6,4,2,9,4,*,6,7,7,8,6,4,6,2,4,3,6,2,2,7,6,7,6,5,6,8,5,8,7,8,8,7,7,8,8,9,7,8,8,8,7,8,8,8,4,7,8,7,4,7,7,6,2,6,3,3,6,6,6,6,7,7,7,7,7,7,7
1037,2,4,7,5,3,2,7,6,9,9,8,9,9,9,9,8,7,9,9,9,8,9,8,8,7,8,7,6,2,8,8,8,8,8,8,8,8,8,8,4,6,6,6,4,4,4,6,9,8,8,8,9,8,9,8,8,9,9,9,*,9,8,9,6,6,6,2,6,3,6,6,7,7,6,6,7,7,7,8
1040,6,7,4,6,3,5,7,3,8,7,6,8,7,8,9,8,6,3,6,6,6,3,5,2,3,2,7,2,4,2,9,7,6,6,6,7,7,8,9,*,*,*,*,*,*,*,*,*,*,*,*,*,*,*,*,*,*,*,*,*,*,*,*,*,*,*,*,*,*,*,*,*,*,*,*,*,*,*,*
1041,4,3,9,5,8,9,8,9,9,9,8,9,9,8,9,8,8,4,5,5,7,9,5,8,7,6,6,4,5,2,9,5,7,9,8,6,4,9,9,6,5,4,7,7,6,6,6,7,4,7,6,4,6,5,2,6,6,5,4,6,7,5,8,6,6,4,2,5,6,6,6,3,4,1,5,5,5,1,6
1044,5,8,9,5,8,6,8,5,6,8,6,8,8,8,8,8,3,3,8,6,5,7,5,2,6,2,6,6,5,6,1,9,8,9,9,7,7,8,7,*,*,*,*,*,*,*,*,*,*,*,*,*,*,*,*,*,*,*,*,*,*,*,*,*,*,*,*,*,*,*,*,*,*,*,*,*,*,*,*
1045,7,3,9,5,6,2,9,9,9,9,9,8,8,9,9,8,9,9,8,9,9,9,7,6,2,2,6,2,3,6,8,9,9,9,8,8,7,9,9,6,8,7,6,8,3,8,9,4,8,6,8,9,7,8,7,4,7,7,8,8,8,6,9,2,6,2,7,1,6,3,3,7,8,9,8,8,8,9,8
1046,7,4,6,2,5,4,7,3,9,7,8,8,8,8,7,7,8,3,7,7,6,4,8,7,3,6,8,6,7,7,6,9,7,8,8,7,7,8,7,*,*,*,*,*,*,*,*,*,*,*,*,*,*,*,*,*,*,*,*,*,*,*,*,*,*,*,*,*,*,*,*,*,*,*,*,*,*,*,*
1053,5,7,7,7,7,6,7,6,4,6,4,5,7,5,4,4,4,3,6,4,5,5,6,5,5,5,4,4,5,5,4,6,6,6,6,6,5,6,4,7,6,9,9,8,6,8,8,6,6,4,6,6,6,6,6,4,4,6,6,7,7,6,4,3,4,4,4,4,6,4,4,6,6,6,6,6,4,6,8
1056,3,4,6,5,1,2,9,2,4,8,6,9,8,8,8,8,8,3,5,5,7,8,5,7,5,9,9,6,9,9,6,5,3,3,4,7,4,3,7,3,9,6,5,*,*,*,*,1,6,4,7,*,*,*,*,9,4,6,9,*,*,*,*,6,1,6,9,*,*,*,*,5,6,6,6,6,*,*,*
1062,8,4,6,3,2,4,5,4,7,6,4,7,6,6,5,6,8,4,7,8,9,7,6,6,6,6,7,4,6,6,7,*,8,8,9,9,7,9,7,*,*,*,*,*,*,*,*,*,*,*,*,*,*,*,*,*,*,*,*,*,*,*,*,*,*,*,*,*,*,*,*,*,*,*,*,*,*,*,*
1065,8,8,8,5,8,6,*,8,9,9,7,8,8,7,8,8,7,4,7,6,8,6,2,2,2,3,2,6,5,4,4,8,8,9,9,8,7,9,8,7,7,8,9,8,8,8,8,8,8,5,7,8,7,6,7,8,8,9,9,6,8,7,8,2,2,2,2,4,2,2,4,7,8,8,8,8,5,8,8
1066,6,7,9,7,9,9,9,9,9,8,6,8,8,7,6,8,7,2,4,4,7,7,6,6,6,6,4,6,4,2,7,6,6,6,6,6,7,8,8,4,6,7,8,4,4,7,7,3,8,6,8,4,8,7,7,7,4,6,4,6,4,6,6,6,7,3,3,4,4,5,4,8,7,6,6,8,6,6,*
1067,3,6,7,5,4,6,8,4,8,5,6,9,7,7,7,9,7,8,8,7,8,7,5,6,6,6,4,3,4,4,5,5,4,7,6,7,3,8,7,*,*,*,*,*,*,*,*,*,*,*,*,*,*,*,*,*,*,*,*,*,*,*,*,*,*,*,*,*,*,*,*,*,*,*,*,*,*,*,*
1071,3,3,4,1,2,1,4,2,3,6,3,4,4,3,3,4,4,2,3,4,4,3,7,3,6,6,7,3,6,6,4,8,7,2,3,9,4,4,9,*,*,*,*,*,*,*,*,*,*,*,*,*,*,*,*,*,*,*,*,*,*,*,*,*,*,*,*,*,*,*,*,*,*,*,*,*,*,*,*
1072,4,2,8,5,3,3,3,8,8,8,7,8,8,7,6,8,6,3,5,5,7,6,5,4,5,6,6,3,5,4,5,7,6,7,6,8,5,8,9,3,3,7,3,2,2,2,7,8,8,8,8,8,7,8,8,7,4,7,8,8,7,7,6,3,2,2,6,3,3,6,3,7,7,8,8,8,6,8,9
1083,7,6,6,5,4,9,8,7,9,7,8,7,4,9,9,8,3,4,4,4,7,7,5,3,7,3,8,1,8,6,6,6,5,8,6,7,2,8,7,*,*,*,*,*,*,*,*,*,*,*,*,*,*,*,*,*,*,*,*,*,*,*,*,*,*,*,*,*,*,*,*,*,*,*,*,*,*,*,*
1086,7,7,7,5,6,6,4,9,9,9,9,8,9,8,9,9,9,9,7,9,8,9,7,1,4,1,4,2,3,4,1,7,7,7,9,8,8,9,9,*,*,*,*,*,*,*,*,*,*,*,*,*,*,*,*,*,*,*,*,*,*,*,*,*,*,*,*,*,*,*,*,*,*,*,*,*,*,*,*
1088,2,7,6,*,2,3,6,2,8,8,8,7,8,9,8,8,8,3,7,7,6,8,4,6,3,4,7,3,7,6,5,9,9,8,9,8,9,9,8,*,*,*,*,*,*,*,*,*,*,*,*,*,*,*,*,*,*,*,*,*,*,*,*,*,*,*,*,*,*,*,*,*,*,*,*,*,*,*,*
1093,3,4,6,3,2,3,6,6,9,8,8,9,7,8,9,8,8,6,8,8,8,4,4,4,6,6,6,4,4,4,6,6,7,9,6,7,6,8,6,*,*,*,*,*,*,*,*,*,*,*,*,*,*,*,*,*,*,*,*,*,*,*,*,*,*,*,*,*,*,*,*,*,*,*,*,*,*,*,*
1095,8,9,9,6,9,9,9,9,*,8,5,9,3,9,9,9,5,9,7,9,5,8,4,4,2,4,5,1,2,1,9,9,2,9,8,9,3,9,9,8,9,8,4,5,6,3,8,9,7,8,9,8,3,7,9,9,5,7,9,7,9,4,4,2,2,3,3,2,4,1,9,3,8,9,7,9,2,9,9
1096,4,4,6,4,6,6,8,7,7,7,7,7,7,7,8,7,4,3,4,4,7,4,4,6,8,6,6,4,7,8,7,7,7,7,7,7,7,8,8,8,8,7,6,7,7,8,7,8,7,6,7,8,8,8,7,8,6,6,5,7,8,6,6,5,6,6,7,6,4,7,6,8,7,9,8,9,7,9,9
1100,3,3,6,5,3,2,4,4,3,7,6,7,8,7,6,6,3,3,4,4,6,6,5,6,4,6,4,7,4,4,6,4,6,7,7,6,6,7,6,*,*,*,*,*,*,*,*,*,*,*,*,*,*,*,*,*,*,*,*,*,*,*,*,*,*,*,*,*,*,*,*,*,*,*,*,*,*,*,*
1103,4,8,7,5,8,8,8,6,8,9,8,8,8,9,9,8,6,8,6,6,7,9,6,7,4,3,6,3,3,4,7,6,7,7,6,6,6,7,7,*,*,*,*,*,*,*,*,*,*,*,*,*,*,*,*,*,*,*,*,*,*,*,*,*,*,*,*,*,*,*,*,*,*,*,*,*,*,*,*
1106,5,7,8,5,6,4,8,5,9,7,9,8,9,7,3,8,7,8,7,8,5,8,5,1,1,4,1,3,5,2,2,6,5,7,7,5,6,4,5,*,*,*,*,*,*,*,*,*,*,*,*,*,*,*,*,*,*,*,*,*,*,*,*,*,*,*,*,*,*,*,*,*,*,*,*,*,*,*,*
1109,7,7,7,5,4,4,7,8,8,8,7,8,8,7,8,5,8,8,7,7,6,7,7,5,4,3,3,3,5,5,5,3,5,7,6,6,5,7,7,7,7,9,1,4,4,7,9,9,9,9,9,9,8,9,8,9,9,9,9,9,9,8,9,1,1,1,2,3,1,1,9,1,1,6,6,9,7,9,9
1117,3,3,7,5,3,3,7,5,9,7,7,9,8,8,9,8,4,5,5,5,5,4,5,8,8,9,7,5,5,8,9,7,5,2,7,7,5,2,9,*,*,*,*,*,*,*,*,*,*,*,*,*,*,*,*,*,*,*,*,*,*,*,*,*,*,*,*,*,*,*,*,*,*,*,*,*,*,*,*
1121,4,7,7,2,3,3,4,6,5,9,8,7,6,6,8,7,7,7,7,7,5,7,5,8,2,4,2,3,5,4,8,7,6,7,7,7,5,8,8,5,6,7,6,3,4,6,8,9,8,7,6,7,6,7,7,8,7,8,7,6,7,6,7,5,3,4,4,3,4,5,3,7,7,7,7,6,5,7,7
1122,7,4,8,4,7,6,8,5,9,8,8,8,9,8,3,7,4,7,5,7,7,8,7,5,6,7,7,1,7,8,8,8,9,7,7,8,7,8,8,*,*,*,*,*,*,*,*,*,*,*,*,*,*,*,*,*,*,*,*,*,*,*,*,*,*,*,*,*,*,*,*,*,*,*,*,*,*,*,*
1136,5,3,4,5,4,1,2,4,8,7,3,4,8,8,9,6,8,2,4,3,4,4,6,8,7,9,2,3,5,7,9,8,3,1,6,8,8,2,9,*,*,*,*,*,*,*,*,*,*,*,*,*,*,*,*,*,*,*,*,*,*,*,*,*,*,*,*,*,*,*,*,*,*,*,*,*,*,*,*
1137,7,2,8,5,4,8,7,8,7,9,3,7,4,8,7,7,7,4,8,8,9,6,7,6,6,2,6,3,6,7,2,3,9,8,8,8,7,7,7,8,8,7,8,6,8,8,8,7,7,6,7,8,8,7,7,8,8,8,8,7,8,6,8,3,3,3,7,3,6,4,3,6,7,7,7,7,6,7,7
1138,4,8,9,2,2,1,4,8,8,8,8,8,9,7,8,9,6,4,7,8,7,8,7,2,2,1,1,2,3,6,8,6,9,8,8,7,3,8,8,9,9,9,1,9,9,9,9,*,9,9,9,9,9,9,9,9,9,9,9,1,9,1,9,1,1,1,1,1,1,1,9,1,1,9,*,1,1,9,9
1140,8,2,9,5,3,7,8,9,8,9,7,9,7,6,9,7,8,3,7,3,6,7,6,5,5,1,2,3,2,2,9,5,7,7,7,7,2,9,9,*,*,*,*,*,*,*,*,*,*,*,*,*,*,*,*,*,*,*,*,*,*,*,*,*,*,*,*,*,*,*,*,*,*,*,*,*,*,*,*
1141,8,7,8,7,6,4,9,4,8,8,4,7,8,7,8,8,8,4,7,7,7,4,4,9,8,9,8,3,8,8,8,8,8,6,7,7,2,4,8,6,6,7,7,4,4,9,6,8,8,4,8,7,7,7,7,8,7,6,7,7,6,7,6,7,8,8,8,6,8,8,7,8,7,7,7,8,7,6,6
1150,6,4,8,5,7,7,8,7,8,7,7,7,4,7,7,7,4,4,4,4,5,4,5,2,6,2,6,6,5,7,2,7,5,8,8,7,5,8,7,*,*,*,*,*,*,*,*,*,*,*,*,*,*,*,*,*,*,*,*,*,*,*,*,*,*,*,*,*,*,*,*,*,*,*,*,*,*,*,*
1163,6,7,6,2,4,6,3,5,3,6,6,4,6,2,5,6,4,6,5,6,5,5,4,3,2,3,4,3,3,3,2,4,5,5,1,4,4,7,6,*,*,*,*,*,*,*,*,*,*,*,*,*,*,*,*,*,*,*,*,*,*,*,*,*,*,*,*,*,*,*,*,*,*,*,*,*,*,*,*
1175,8,6,9,7,7,5,6,4,5,7,5,8,5,6,6,7,5,3,7,6,4,7,6,6,7,5,7,7,6,4,5,7,7,8,9,8,6,9,7,4,7,8,3,4,4,4,3,4,6,5,7,2,6,7,5,7,3,9,8,8,3,6,6,8,8,7,8,7,6,6,7,9,5,7,6,7,6,7,8
1176,9,7,9,5,9,9,9,9,9,8,9,8,8,6,8,6,6,4,8,9,8,8,8,2,2,2,4,3,3,3,2,6,6,6,8,7,3,9,8,*,*,*,*,*,*,*,*,*,*,*,*,*,*,*,*,*,*,*,*,*,*,*,*,*,*,*,*,*,*,*,*,*,*,*,*,*,*,*,*
1180,7,9,9,2,3,4,9,3,8,8,4,8,7,9,9,9,6,3,8,8,8,3,6,6,4,3,7,2,7,6,4,9,9,9,9,8,8,9,9,2,2,7,7,6,4,9,6,2,9,4,8,7,8,8,8,7,4,8,6,8,3,7,6,4,4,4,3,3,3,4,4,8,7,9,9,8,8,9,8
1192,4,8,8,5,9,9,9,5,9,8,9,8,8,7,8,8,3,4,5,9,6,4,5,7,2,6,7,1,5,7,8,5,7,8,8,7,5,8,8,*,*,*,*,*,*,*,*,*,*,*,*,*,*,*,*,*,*,*,*,*,*,*,*,*,*,*,*,*,*,*,*,*,*,*,*,*,*,*,*
1202,9,7,7,6,6,8,7,6,7,6,4,7,3,6,6,4,7,8,7,7,6,4,4,2,4,1,1,1,8,1,4,3,4,8,7,6,6,9,6,*,*,*,*,*,*,*,*,*,*,*,*,*,*,*,*,*,*,*,*,*,*,*,*,*,*,*,*,*,*,*,*,*,*,*,*,*,*,*,*
1210,5,7,6,7,7,8,4,9,4,8,3,8,9,7,7,6,4,6,8,8,9,8,7,2,2,2,1,1,4,4,3,8,7,3,3,8,7,3,9,*,*,*,*,*,*,*,*,*,*,*,*,*,*,*,*,*,*,*,*,*,*,*,*,*,*,*,*,*,*,*,*,*,*,*,*,*,*,*,*
1212,9,8,8,9,9,9,8,8,7,7,7,8,3,6,6,8,3,1,5,3,6,2,4,6,2,6,5,1,3,2,6,6,6,8,9,7,3,8,6,9,8,7,9,8,9,7,8,8,4,6,8,4,3,7,7,4,2,7,7,4,7,4,2,7,3,7,5,3,4,3,7,4,7,8,8,6,4,8,7
1214,8,7,9,9,4,4,9,9,9,9,8,9,9,9,9,9,9,9,9,9,8,9,9,6,7,7,8,*,7,8,6,9,9,9,9,9,5,9,9,*,*,*,*,*,*,*,*,*,*,*,*,*,*,*,*,*,*,*,*,*,*,*,*,*,*,*,*,*,*,*,*,*,*,*,*,*,*,*,*
1216,4,7,6,7,8,3,8,3,8,7,3,8,7,8,8,*,8,7,7,6,7,7,7,7,8,8,7,3,3,6,8,9,9,6,6,7,8,4,7,8,8,7,6,6,7,7,7,9,8,5,7,6,7,7,6,9,4,7,6,7,6,7,5,6,6,6,6,6,6,6,7,9,8,8,6,6,7,6,7
1220,4,7,7,3,6,4,7,2,4,7,4,6,4,7,7,7,8,2,7,6,6,7,7,6,7,5,9,4,7,6,6,9,8,9,9,8,8,9,9,8,7,6,4,6,7,7,4,4,7,7,6,4,7,8,7,7,3,7,7,6,6,6,3,3,3,3,6,3,6,4,4,6,6,8,8,7,6,8,8
1221,9,7,7,5,6,9,8,6,9,8,6,7,9,8,9,8,7,6,8,8,8,6,2,5,2,3,3,1,4,1,1,8,8,6,6,7,6,8,9,8,6,6,6,4,7,6,6,7,7,8,9,9,8,8,7,7,6,7,9,8,6,6,6,3,2,2,2,2,7,3,4,6,7,3,4,8,6,6,9
1231,6,4,7,8,6,6,8,7,7,8,6,8,8,9,8,7,7,4,6,6,6,7,4,4,7,4,6,8,6,4,3,*,7,9,9,7,4,9,7,*,*,*,*,*,*,*,*,*,*,*,*,*,*,*,*,*,*,*,*,*,*,*,*,*,*,*,*,*,*,*,*,*,*,*,*,*,*,*,*
1239,7,7,8,5,6,7,8,7,8,8,8,8,8,8,9,8,6,6,6,6,8,4,7,5,4,2,4,3,4,4,5,7,6,7,8,7,4,8,9,4,6,7,7,4,4,7,6,7,8,8,8,8,8,9,8,6,4,8,7,8,4,6,6,6,6,4,4,4,3,3,7,6,7,7,7,7,4,7,9
1241,4,7,7,5,4,9,4,5,9,9,6,8,9,7,7,7,8,8,6,5,2,9,5,1,2,1,1,1,5,2,6,7,7,9,8,7,5,9,7,*,*,*,*,*,*,*,*,*,*,*,*,*,*,*,*,*,*,*,*,*,*,*,*,*,*,*,*,*,*,*,*,*,*,*,*,*,*,*,*
1246,3,6,7,5,2,4,6,7,8,8,8,8,6,6,7,6,8,4,4,4,8,7,2,4,1,3,2,1,2,2,3,8,8,8,8,8,7,8,8,*,*,*,*,*,*,*,*,*,*,*,*,*,*,*,*,*,*,*,*,*,*,*,*,*,*,*,*,*,*,*,*,*,*,*,*,*,*,*,*
1248,9,5,7,5,1,3,6,9,8,9,5,9,4,6,8,*,4,9,5,5,6,9,5,5,1,6,8,3,6,4,5,7,7,9,4,5,5,9,5,9,1,9,7,2,4,1,9,9,9,9,9,9,9,9,9,9,9,9,9,9,9,*,9,*,1,1,1,4,1,1,9,1,1,9,9,*,5,9,9
1262,8,7,6,7,8,7,8,6,6,5,2,6,4,7,7,6,4,1,3,4,6,2,5,4,7,4,6,4,8,6,3,8,6,6,8,8,9,7,9,4,4,6,6,3,4,7,4,4,7,6,7,5,6,6,6,4,2,6,6,6,2,7,3,6,6,6,6,6,7,6,6,4,6,5,6,7,6,6,7
1268,7,6,8,8,7,7,7,9,8,8,9,9,8,8,8,8,7,8,7,8,8,8,5,3,2,3,6,3,3,3,6,6,8,8,8,7,4,8,7,9,6,8,7,7,7,8,9,9,8,7,9,6,6,9,9,8,8,8,8,7,7,6,7,9,2,4,6,3,6,8,6,6,8,8,8,8,4,9,9
1273,2,6,7,7,2,3,3,5,7,8,7,7,7,7,3,6,4,9,7,*,7,9,3,3,7,6,9,3,6,3,2,7,7,7,7,4,2,4,4,*,*,*,*,*,*,*,*,*,*,*,*,*,*,*,*,*,*,*,*,*,*,*,*,*,*,*,*,*,*,*,*,*,*,*,*,*,*,*,*
1278,5,5,7,5,8,8,*,3,3,7,5,8,8,4,5,6,4,3,7,6,5,6,5,5,5,8,5,2,5,5,5,4,5,5,5,6,5,5,5,7,1,9,5,3,6,6,5,6,7,7,9,2,6,5,7,7,4,5,5,8,7,6,7,7,5,6,5,4,5,5,5,3,4,5,5,8,6,5,5
1280,4,4,4,4,4,4,3,3,6,7,7,6,8,7,8,6,8,3,6,7,7,7,4,4,6,4,6,6,4,3,4,8,8,8,8,9,7,9,9,6,7,7,6,8,7,7,7,8,7,8,7,7,6,7,6,6,4,8,8,6,7,2,3,5,7,4,7,6,6,6,6,6,6,7,7,9,4,8,9
1287,2,3,7,5,1,2,2,5,8,8,6,6,8,8,8,8,7,9,7,7,7,8,7,6,5,7,7,3,5,8,3,6,8,7,7,5,7,7,8,3,4,7,3,2,2,2,4,4,8,7,7,8,6,7,4,4,8,8,7,7,8,6,8,6,6,4,6,2,3,3,4,7,8,8,8,8,4,8,8
1292,8,7,9,5,5,4,*,4,6,9,7,9,7,7,6,7,4,7,8,8,7,*,8,1,2,1,3,3,*,1,1,8,7,9,9,8,6,9,8,*,*,*,*,*,*,*,*,*,*,*,*,*,*,*,*,*,*,*,*,*,*,*,*,*,*,*,*,*,*,*,*,*,*,*,*,*,*,*,*
1294,5,7,7,5,4,7,3,7,7,7,4,6,7,7,7,7,7,7,7,7,7,7,7,7,5,6,3,4,3,3,7,6,7,6,6,7,6,7,7,*,*,*,*,*,*,*,*,*,*,*,*,*,*,*,*,*,*,*,*,*,*,*,*,*,*,*,*,*,*,*,*,*,*,*,*,*,*,*,*
1296,6,8,8,7,7,7,8,8,8,8,6,8,6,8,8,7,8,7,7,7,6,7,4,2,2,3,6,3,2,2,2,2,6,7,6,8,6,7,8,*,*,*,*,*,*,*,*,*,*,*,*,*,*,*,*,*,*,*,*,*,*,*,*,*,*,*,*,*,*,*,*,*,*,*,*,*,*,*,*
1301,7,7,7,2,3,4,6,3,9,8,9,9,9,9,9,8,8,4,7,8,8,9,8,2,6,2,2,3,2,1,1,8,7,9,8,8,7,9,9,*,*,*,*,*,*,*,*,*,*,*,*,*,*,*,*,*,*,*,*,*,*,*,*,*,*,*,*,*,*,*,*,*,*,*,*,*,*,*,*
1305,4,6,7,7,6,6,8,7,5,8,7,8,8,8,9,8,8,5,6,6,7,8,7,3,3,3,5,4,2,5,3,7,8,8,7,9,7,7,9,*,*,*,*,*,*,*,*,*,*,*,*,*,*,*,*,*,*,*,*,*,*,*,*,*,*,*,*,*,*,*,*,*,*,*,*,*,*,*,*
1308,4,6,7,5,6,6,7,2,5,7,6,7,6,4,6,3,6,8,4,4,6,8,5,3,5,4,3,2,2,6,4,7,6,4,7,5,*,6,4,*,*,*,*,*,*,*,*,*,*,*,*,*,*,*,*,*,*,*,*,*,*,*,*,*,*,*,*,*,*,*,*,*,*,*,*,*,*,*,*
1313,3,7,7,1,1,2,8,4,9,9,8,9,6,9,9,9,4,3,7,7,9,8,4,2,2,2,7,1,6,5,2,9,9,9,9,9,8,9,9,4,4,8,2,3,3,6,4,7,7,6,8,7,7,8,7,7,4,6,7,7,4,7,6,5,6,3,3,3,3,3,4,8,8,8,8,9,8,8,9
1316,6,8,7,5,6,6,6,5,5,6,4,6,4,6,5,6,2,2,7,7,6,4,5,5,5,5,6,3,5,5,5,6,8,7,7,8,6,6,6,*,*,*,*,*,*,*,*,*,*,*,*,*,*,*,*,*,*,*,*,*,*,*,*,*,*,*,*,*,*,*,*,*,*,*,*,*,*,*,*
1327,3,3,4,3,4,4,6,3,4,7,3,6,4,6,4,6,2,1,3,2,4,1,4,6,3,6,7,4,7,6,6,6,4,2,2,7,3,8,7,*,*,*,*,*,*,*,*,*,*,*,*,*,*,*,*,*,*,*,*,*,*,*,*,*,*,*,*,*,*,*,*,*,*,*,*,*,*,*,*
1335,4,6,7,5,3,4,7,7,8,8,7,8,8,8,9,8,4,6,7,7,7,6,8,6,8,7,7,4,8,6,6,7,7,4,6,8,6,4,8,4,7,8,6,3,4,7,4,6,8,3,8,6,8,8,7,3,4,7,7,7,4,8,7,7,8,6,8,3,8,8,7,8,8,6,6,7,6,6,8
1336,9,9,9,5,3,2,6,8,3,5,3,9,6,5,3,7,6,6,8,8,4,9,4,5,9,6,3,1,2,4,*,9,9,9,*,7,6,9,6,5,7,6,8,4,7,2,4,8,9,7,7,8,7,8,7,7,4,8,8,9,9,6,6,1,3,4,3,2,2,4,3,8,9,7,7,8,9,8,8
1339,6,6,7,5,6,8,6,6,3,4,7,8,8,8,8,6,2,7,1,2,8,2,3,8,7,8,8,2,6,7,9,8,8,9,8,8,8,8,8,*,*,*,*,*,*,*,*,*,*,*,*,*,*,*,*,*,*,*,*,*,*,*,*,*,*,*,*,*,*,*,*,*,*,*,*,*,*,*,*
1340,3,7,8,5,1,1,7,4,1,9,3,6,3,5,8,4,2,7,6,5,6,6,5,7,6,9,9,8,7,6,8,7,6,8,9,6,2,7,8,4,6,6,5,4,3,7,4,4,8,3,7,4,6,6,6,4,6,7,7,7,7,5,6,5,5,4,6,3,4,6,5,6,3,7,6,7,2,8,6
1344,7,5,6,2,3,3,5,4,7,7,6,7,7,6,7,6,7,8,8,8,7,8,7,4,7,5,5,3,5,6,6,5,7,5,3,7,7,4,8,4,6,3,3,3,3,6,3,4,8,4,8,8,8,7,7,8,8,8,8,8,8,7,8,6,7,6,8,7,8,6,4,7,7,6,6,6,8,4,4
1346,9,4,8,5,7,9,6,9,6,7,4,6,9,6,8,6,6,6,9,9,7,9,6,3,*,2,7,1,6,2,8,4,4,7,7,2,7,8,8,4,6,6,6,6,6,6,6,6,6,4,6,6,6,6,6,6,6,6,6,6,6,6,6,4,6,4,6,6,6,6,6,6,6,6,6,6,6,6,6
1351,5,7,8,5,8,8,7,8,7,8,6,7,4,7,8,7,9,9,9,9,8,9,7,2,3,2,3,6,4,6,3,6,4,4,6,8,3,3,8,7,6,8,8,7,8,6,8,7,6,7,6,5,6,4,6,8,9,9,9,8,9,9,9,3,3,3,5,6,4,4,3,5,5,4,3,9,4,3,9
1353,4,6,9,5,7,7,9,9,2,8,9,8,8,7,9,8,4,4,6,4,5,7,4,2,4,2,6,3,4,7,4,8,7,9,9,6,6,8,7,*,*,*,*,*,*,*,*,*,*,*,*,*,*,*,*,*,*,*,*,*,*,*,*,*,*,*,*,*,*,*,*,*,*,*,*,*,*,*,*
1359,3,3,7,*,5,2,5,5,8,7,4,7,8,9,9,7,8,5,6,6,6,7,5,6,*,7,8,5,7,5,7,9,9,7,9,8,*,9,9,*,*,*,*,*,*,*,*,*,*,*,*,*,*,*,*,*,*,*,*,*,*,*,*,*,*,*,*,*,*,*,*,*,*,*,*,*,*,*,*
1364,8,6,4,5,4,4,6,6,6,4,7,6,6,7,7,6,3,2,4,6,6,8,5,7,4,8,7,6,7,7,8,3,3,3,6,6,2,6,7,*,*,*,*,*,*,*,*,*,*,*,*,*,*,*,*,*,*,*,*,*,*,*,*,*,*,*,*,*,*,*,*,*,*,*,*,*,*,*,*
1367,4,7,7,5,4,7,8,8,2,9,8,8,7,9,9,8,7,4,7,8,7,3,7,3,6,6,6,3,6,6,3,8,8,9,9,8,8,9,9,*,*,*,*,*,*,*,*,*,*,*,*,*,*,*,*,*,*,*,*,*,*,*,*,*,*,*,*,*,*,*,*,*,*,*,*,*,*,*,*
1368,4,4,6,5,4,4,6,4,6,7,5,6,5,7,6,6,6,8,8,6,6,7,7,6,6,5,6,6,6,6,6,6,6,7,6,7,6,6,6,4,7,7,2,4,3,6,3,4,8,4,8,6,7,8,7,4,7,7,6,7,7,8,7,7,7,6,6,3,6,6,6,6,8,7,7,7,7,7,8
1369,4,9,9,5,6,5,9,4,4,6,1,6,1,9,9,8,2,1,5,5,9,1,1,7,4,6,7,3,9,9,8,4,9,9,9,6,9,9,9,9,9,6,1,8,6,8,*,8,6,9,8,2,7,9,2,4,4,4,8,8,3,3,6,1,1,1,8,2,6,4,9,8,9,9,9,8,8,9,9
1371,6,7,7,7,6,4,7,6,8,7,7,9,7,7,1,8,8,6,7,8,8,7,7,2,6,2,4,3,4,6,2,6,8,8,8,9,6,9,1,6,6,8,7,7,7,7,7,7,8,8,8,8,7,8,7,8,6,7,8,8,6,6,7,2,2,2,4,3,3,6,2,7,8,9,9,8,8,9,8
1375,4,6,7,7,7,4,7,9,8,8,8,8,9,8,9,8,9,8,7,9,7,9,8,3,6,2,3,4,2,3,4,8,7,7,7,8,7,9,9,*,*,*,*,*,*,*,*,*,*,*,*,*,*,*,*,*,*,*,*,*,*,*,*,*,*,*,*,*,*,*,*,*,*,*,*,*,*,*,*
1388,7,7,8,8,8,4,7,2,6,6,3,7,4,7,7,8,7,8,8,8,8,8,8,9,3,8,8,4,8,7,8,8,9,8,8,8,6,8,8,*,*,*,*,*,*,*,*,*,*,*,*,*,*,*,*,*,*,*,*,*,*,*,*,*,*,*,*,*,*,*,*,*,*,*,*,*,*,*,*
1389,3,1,5,9,9,9,9,9,9,6,9,9,9,9,9,9,9,7,6,4,6,4,5,6,9,1,8,9,6,5,9,9,6,6,9,6,1,9,8,5,8,3,8,9,9,9,8,6,7,7,9,7,8,8,8,9,8,8,9,9,9,8,9,9,9,8,7,8,8,9,8,7,4,6,8,8,1,6,8
1401,4,7,8,5,3,3,7,8,3,8,9,8,9,8,8,5,3,8,8,9,8,7,7,6,5,6,3,2,5,3,2,4,2,7,8,7,1,7,7,4,3,6,3,2,3,4,4,7,7,8,7,3,7,8,7,7,7,7,8,7,7,6,7,7,7,6,8,4,7,6,8,7,7,8,8,7,2,8,8
2000,4,7,7,7,6,6,8,8,8,8,2,9,6,8,9,7,3,3,6,7,8,7,5,4,5,1,7,3,8,7,1,9,9,9,9,8,5,9,9,8,8,7,9,6,6,8,8,6,8,3,8,4,7,8,8,3,4,8,6,8,3,7,6,7,7,7,6,4,8,6,8,9,8,8,8,7,7,8,8
2013,4,7,7,*,7,8,8,6,8,7,7,7,6,6,6,7,7,4,6,6,6,8,3,2,2,4,4,2,7,2,5,6,4,4,6,8,6,4,8,*,*,*,*,*,*,*,*,*,*,*,*,*,*,*,*,*,*,*,*,*,*,*,*,*,*,*,*,*,*,*,*,*,*,*,*,*,*,*,*
2015,4,4,4,2,6,3,6,3,4,8,4,6,7,6,6,4,8,8,8,8,8,8,5,7,7,8,7,6,7,9,8,7,8,9,7,9,6,9,9,*,*,*,*,*,*,*,*,*,*,*,*,*,*,*,*,*,*,*,*,*,*,*,*,*,*,*,*,*,*,*,*,*,*,*,*,*,*,*,*
2016,6,8,7,5,8,8,6,9,8,8,9,9,9,8,9,8,9,9,8,9,8,7,8,3,3,2,6,4,1,2,4,6,8,9,8,8,8,8,8,9,8,8,9,8,9,6,9,9,7,9,8,9,8,9,9,9,8,8,9,9,9,8,8,1,1,1,1,2,1,1,3,2,7,8,9,8,7,9,8
2018,4,7,7,6,4,4,8,4,6,8,6,8,9,9,9,8,4,2,3,2,5,4,5,6,9,5,9,8,8,9,4,9,8,8,8,8,8,8,7,*,*,*,*,*,*,*,*,*,*,*,*,*,*,*,*,*,*,*,*,*,*,*,*,*,*,*,*,*,*,*,*,*,*,*,*,*,*,*,*
2022,8,7,8,5,6,8,9,5,9,8,8,8,8,8,9,8,3,9,7,8,7,8,5,3,3,4,6,1,6,4,5,6,8,8,8,7,7,9,9,*,*,*,*,*,*,*,*,*,*,*,*,*,*,*,*,*,*,*,*,*,*,*,*,*,*,*,*,*,*,*,*,*,*,*,*,*,*,*,*
2031,4,9,8,8,6,4,8,8,8,9,4,8,4,9,8,9,9,9,9,8,8,8,8,7,3,7,7,3,4,6,6,8,8,7,7,9,7,4,9,9,8,8,8,8,8,8,8,9,8,6,8,8,8,2,8,9,8,8,8,8,8,8,8,6,7,4,6,7,4,4,6,7,8,7,7,8,8,7,8
2032,5,3,3,2,3,3,4,3,4,6,5,6,6,8,8,4,3,8,5,5,7,8,6,7,6,8,7,7,7,3,6,7,6,4,4,7,5,5,7,*,*,*,*,*,*,*,*,*,*,*,*,*,*,*,*,*,*,*,*,*,*,*,*,*,*,*,*,*,*,*,*,*,*,*,*,*,*,*,*
2034,6,7,8,7,6,7,6,4,4,7,4,7,4,7,9,9,3,4,7,4,4,6,1,7,6,7,7,3,4,6,9,8,8,9,9,7,7,9,9,*,*,*,*,*,*,*,*,*,*,*,*,*,*,*,*,*,*,*,*,*,*,*,*,*,*,*,*,*,*,*,*,*,*,*,*,*,*,*,*
2035,6,3,4,3,3,3,8,4,6,7,4,7,5,6,8,6,6,6,6,6,6,7,6,6,4,6,6,5,7,8,7,8,8,9,9,8,6,9,8,4,6,6,4,7,4,8,4,4,6,3,6,4,4,7,4,7,6,6,7,6,7,4,6,6,4,6,4,4,6,7,6,7,7,8,8,8,6,8,8
2036,3,4,3,3,3,3,3,6,3,4,6,4,7,6,6,4,3,2,3,4,6,7,4,4,6,3,7,4,6,6,7,6,7,7,7,7,6,7,7,*,*,*,*,*,*,*,*,*,*,*,*,*,*,*,*,*,*,*,*,*,*,*,*,*,*,*,*,*,*,*,*,*,*,*,*,*,*,*,*
2037,4,4,8,7,3,4,7,6,4,4,4,8,4,8,8,3,6,3,4,7,6,3,6,6,8,7,9,6,8,7,6,8,6,7,7,7,6,7,7,3,7,7,8,7,4,8,8,1,7,3,8,6,7,6,7,7,6,4,7,6,3,4,6,8,9,8,9,4,9,4,8,*,7,7,7,8,6,7,9
2041,4,4,7,6,4,6,7,9,8,7,6,7,9,7,8,8,7,7,3,4,9,8,8,7,6,7,4,4,6,7,8,8,7,8,7,8,6,8,9,*,*,*,*,*,*,*,*,*,*,*,*,*,*,*,*,*,*,*,*,*,*,*,*,*,*,*,*,*,*,*,*,*,*,*,*,*,*,*,*
2044,3,5,8,5,6,4,7,6,8,6,7,7,6,7,7,7,3,5,6,7,7,4,7,3,7,4,6,3,6,6,4,7,5,7,6,7,4,8,7,*,*,*,*,*,*,*,*,*,*,*,*,*,*,*,*,*,*,*,*,*,*,*,*,*,*,*,*,*,*,*,*,*,*,*,*,*,*,*,*
2045,9,7,9,5,8,7,8,9,9,8,9,9,9,9,9,8,8,8,8,8,7,7,6,1,2,1,4,2,3,3,4,3,6,9,9,8,6,8,7,*,*,*,*,*,*,*,*,*,*,*,*,*,*,*,*,*,*,*,*,*,*,*,*,*,*,*,*,*,*,*,*,*,*,*,*,*,*,*,*
2054,4,8,9,5,7,8,8,9,9,9,9,8,9,9,9,9,9,4,8,9,8,9,7,2,2,2,1,2,4,3,9,4,8,9,9,8,7,9,9,*,*,*,*,*,*,*,*,*,*,*,*,*,*,*,*,*,*,*,*,*,*,*,*,*,*,*,*,*,*,*,*,*,*,*,*,*,*,*,*
2058,*,6,8,5,4,4,8,5,5,8,4,8,4,7,4,7,4,4,7,7,8,3,5,6,5,6,7,3,6,3,5,6,6,8,7,7,5,8,7,8,7,6,2,7,4,7,7,8,8,8,7,8,6,7,6,4,4,7,8,6,7,6,6,2,2,6,3,4,3,3,4,6,6,6,6,7,6,4,7
2060,4,7,7,8,7,7,7,8,9,8,7,8,8,8,8,8,9,8,7,8,6,8,8,8,*,2,6,3,6,6,4,8,8,7,8,7,3,8,8,*,*,*,*,*,*,*,*,*,*,*,*,*,*,*,*,*,*,*,*,*,*,*,*,*,*,*,*,*,*,*,*,*,*,*,*,*,*,*,*
2067,7,4,6,5,2,6,7,6,2,7,6,4,7,7,8,6,4,3,7,6,7,6,6,3,6,8,7,4,4,2,2,8,8,9,7,3,6,9,9,*,*,*,*,*,*,*,*,*,*,*,*,*,*,*,*,*,*,*,*,*,*,*,*,*,*,*,*,*,*,*,*,*,*,*,*,*,*,*,*
2075,7,7,5,5,3,2,3,5,4,8,6,8,8,7,5,6,4,5,4,4,5,8,5,5,5,4,6,4,5,2,5,6,7,7,6,6,5,5,5,*,*,*,*,*,*,*,*,*,*,*,*,*,*,*,*,*,*,*,*,*,*,*,*,*,*,*,*,*,*,*,*,*,*,*,*,*,*,*,*
2077,2,7,7,5,3,3,2,9,2,9,9,7,8,6,9,1,3,9,7,5,5,9,5,2,5,2,6,3,5,3,9,7,5,9,7,5,5,9,*,*,*,*,*,*,*,*,*,*,*,*,*,*,*,*,*,*,*,*,*,*,*,*,*,*,*,*,*,*,*,*,*,*,*,*,*,*,*,*,*
2078,3,3,6,1,2,3,3,3,6,6,6,7,8,7,6,6,8,8,8,7,9,7,8,6,6,6,7,7,6,8,6,7,7,8,6,8,6,7,8,6,4,3,2,2,3,3,2,4,6,6,6,8,6,7,4,7,6,6,6,8,6,6,6,3,5,3,3,6,4,6,4,8,8,6,6,8,8,6,8
2093,4,8,8,1,8,4,8,9,8,8,8,8,9,8,8,8,8,6,8,8,6,8,6,2,4,1,2,2,2,2,2,4,8,8,9,9,7,8,9,*,*,*,*,*,*,*,*,*,*,*,*,*,*,*,*,*,*,*,*,*,*,*,*,*,*,*,*,*,*,*,*,*,*,*,*,*,*,*,*
2095,4,7,8,7,4,4,9,6,7,7,3,8,2,7,6,8,2,3,6,4,6,4,5,7,7,6,7,3,8,6,6,5,5,7,8,6,5,6,6,6,7,8,7,6,7,8,7,7,7,6,7,6,7,7,7,2,4,7,6,8,4,6,7,6,4,5,4,3,6,6,7,6,6,6,5,6,4,6,6
2096,7,8,9,2,6,6,7,7,9,9,7,9,9,8,8,8,7,4,8,8,4,8,4,4,4,3,7,4,3,3,3,8,6,9,9,8,6,9,9,*,*,*,*,*,*,*,*,*,*,*,*,*,*,*,*,*,*,*,*,*,*,*,*,*,*,*,*,*,*,*,*,*,*,*,*,*,*,*,*
2098,4,8,9,8,7,4,9,8,9,8,4,9,4,7,8,9,8,7,8,7,7,8,8,8,5,8,6,4,6,7,8,6,5,9,9,8,5,9,8,7,6,8,7,8,6,8,8,8,7,5,8,6,6,6,8,6,8,8,8,5,8,4,8,6,4,6,6,4,6,5,6,5,6,8,8,7,4,8,7
2100,3,3,4,5,6,6,6,8,1,8,8,9,9,9,9,9,5,2,3,3,6,4,5,7,6,4,6,3,6,8,7,9,8,4,8,4,9,6,4,*,*,*,*,*,*,*,*,*,*,*,*,*,*,*,*,*,*,*,*,*,*,*,*,*,*,*,*,*,*,*,*,*,*,*,*,*,*,*,*
2103,4,4,7,6,2,4,7,5,5,8,9,8,7,9,9,8,8,4,7,7,6,4,6,2,7,1,3,3,3,3,2,7,8,8,8,8,6,8,8,8,8,7,8,7,8,8,4,9,7,8,9,7,9,9,9,8,8,6,6,*,8,8,8,2,7,2,6,3,6,2,2,8,8,9,9,8,7,9,8
2104,6,4,8,3,3,3,7,7,6,7,7,8,8,8,8,8,3,4,8,5,5,4,4,5,3,7,9,4,4,8,3,8,5,6,5,5,2,5,6,*,*,*,*,*,*,*,*,*,*,*,*,*,*,*,*,*,*,*,*,*,*,*,*,*,*,*,*,*,*,*,*,*,*,*,*,*,*,*,*
2107,3,6,4,2,3,2,2,3,8,6,8,9,8,6,9,8,7,7,7,7,7,8,4,7,3,7,7,3,4,7,7,7,7,9,8,7,6,9,8,*,*,*,*,*,*,*,*,*,*,*,*,*,*,*,*,*,*,*,*,*,*,*,*,*,*,*,*,*,*,*,*,*,*,*,*,*,*,*,*
2112,5,7,7,5,6,8,8,7,6,7,3,7,3,4,4,5,3,4,4,4,6,8,4,4,6,4,7,1,8,7,7,6,8,8,6,8,5,9,8,7,7,6,3,3,3,4,3,4,7,4,4,4,3,4,4,3,3,8,6,6,4,6,4,6,8,6,6,6,6,4,6,8,7,7,6,7,7,6,7
2116,3,5,9,5,8,3,6,5,4,9,9,8,6,7,5,5,2,2,8,8,7,3,2,9,4,9,8,4,6,5,9,8,3,9,9,9,5,9,9,4,7,6,7,4,4,7,1,3,8,4,8,8,8,8,7,4,4,7,8,7,7,6,7,6,2,6,9,3,8,3,8,8,5,8,8,7,3,8,8
2123,4,5,7,5,4,3,8,5,8,8,7,9,9,6,5,8,6,3,5,5,5,7,5,5,5,6,3,3,5,4,5,5,5,8,4,5,5,7,5,*,*,*,*,*,*,*,*,*,*,*,*,*,*,*,*,*,*,*,*,*,*,*,*,*,*,*,*,*,*,*,*,*,*,*,*,*,*,*,*
2125,7,6,9,5,8,4,9,4,8,8,6,9,5,7,4,8,6,4,7,7,8,4,6,7,5,7,8,6,8,6,4,2,6,7,6,8,6,6,4,6,6,8,6,3,6,7,6,6,7,6,4,2,6,4,4,4,2,8,4,7,6,6,6,7,4,6,8,2,7,8,3,3,8,7,4,7,6,2,3
2132,*,9,9,9,9,9,8,9,8,7,4,7,9,4,3,7,4,4,6,6,7,7,5,2,1,2,2,2,2,1,4,8,8,9,8,8,7,9,9,7,9,9,9,*,*,*,*,6,8,3,9,*,*,*,*,8,3,7,6,*,*,*,*,3,1,3,6,*,*,*,*,4,9,9,9,6,*,*,*
2133,4,7,8,5,6,4,8,5,8,8,6,9,4,7,7,7,8,4,8,8,8,4,5,6,6,6,6,2,6,2,7,6,7,7,7,8,6,7,7,8,7,6,6,6,4,6,4,4,6,4,6,4,6,4,6,4,4,6,4,6,4,6,6,6,6,6,6,4,6,6,4,6,6,6,6,6,4,4,4
2134,8,7,8,1,3,4,8,1,2,4,2,4,3,4,2,4,3,4,5,4,6,3,6,8,4,8,8,7,8,6,9,8,9,8,8,9,8,8,9,*,*,*,*,*,*,*,*,*,*,*,*,*,*,*,*,*,*,*,*,*,*,*,*,*,*,*,*,*,*,*,*,*,*,*,*,*,*,*,*
2140,6,6,7,5,3,6,4,8,8,8,8,8,8,8,8,7,4,7,3,4,6,9,4,2,2,9,9,3,7,2,2,4,4,6,*,7,3,6,8,*,*,*,*,*,*,*,*,*,*,*,*,*,*,*,*,*,*,*,*,*,*,*,*,*,*,*,*,*,*,*,*,*,*,*,*,*,*,*,*
2142,7,4,9,5,4,7,6,5,9,9,9,9,9,8,9,9,9,6,5,9,5,9,6,9,6,1,6,2,5,5,5,5,9,9,8,6,6,9,9,*,*,*,*,*,*,*,*,*,*,*,*,*,*,*,*,*,*,*,*,*,*,*,*,*,*,*,*,*,*,*,*,*,*,*,*,*,*,*,*
2144,7,2,7,4,1,1,4,5,9,8,8,8,5,9,8,8,7,8,7,5,7,6,5,8,1,8,9,6,9,6,9,4,7,8,7,6,1,9,7,*,*,*,*,*,*,*,*,*,*,*,*,*,*,*,*,*,*,*,*,*,*,*,*,*,*,*,*,*,*,*,*,*,*,*,*,*,*,*,*
2148,6,7,6,7,4,7,8,6,5,6,4,7,8,5,6,4,3,4,4,4,5,7,6,3,5,2,6,8,5,5,2,8,8,9,8,7,7,8,6,*,*,*,*,*,*,*,*,*,*,*,*,*,*,*,*,*,*,*,*,*,*,*,*,*,*,*,*,*,*,*,*,*,*,*,*,*,*,*,*
2156,5,6,6,5,7,6,7,6,6,7,7,8,4,8,8,8,3,1,8,6,7,3,4,3,5,4,7,2,5,6,4,7,7,8,7,8,8,6,7,*,*,*,*,*,*,*,*,*,*,*,*,*,*,*,*,*,*,*,*,*,*,*,*,*,*,*,*,*,*,*,*,*,*,*,*,*,*,*,*
2159,6,4,7,5,4,7,6,6,7,3,7,6,7,6,6,6,6,4,6,6,6,7,3,6,4,6,6,3,3,6,5,3,6,6,6,4,2,7,6,*,*,*,*,*,*,*,*,*,*,*,*,*,*,*,*,*,*,*,*,*,*,*,*,*,*,*,*,*,*,*,*,*,*,*,*,*,*,*,*
2172,6,6,5,1,1,1,5,3,9,7,4,8,9,9,9,9,3,4,4,4,4,3,4,8,6,8,9,9,6,9,9,9,9,9,9,9,8,9,9,*,*,*,*,*,*,*,*,*,*,*,*,*,*,*,*,*,*,*,*,*,*,*,*,*,*,*,*,*,*,*,*,*,*,*,*,*,*,*,*
2173,7,7,9,5,6,6,8,5,9,8,9,8,6,7,9,7,4,2,8,8,6,6,6,5,4,5,4,3,2,3,7,4,7,7,7,7,5,9,7,4,6,6,6,6,6,7,5,9,8,9,8,8,8,8,8,4,3,6,6,7,4,6,4,1,5,2,2,2,3,3,2,6,6,6,6,5,3,7,8
2174,7,7,9,5,6,7,8,7,8,8,8,8,8,7,7,8,5,4,7,7,6,7,6,4,3,4,6,3,5,3,3,6,4,8,7,6,4,7,5,*,*,*,*,*,*,*,*,*,*,*,*,*,*,*,*,*,*,*,*,*,*,*,*,*,*,*,*,*,*,*,*,*,*,*,*,*,*,*,*
2175,4,6,9,5,4,4,9,4,7,5,6,9,7,9,9,6,6,4,5,7,4,7,6,6,3,6,6,4,3,7,8,9,8,6,7,9,5,8,9,4,6,6,5,2,2,6,4,9,6,9,9,9,9,9,8,9,8,8,9,6,9,8,7,8,7,7,4,6,4,7,9,6,8,6,8,8,6,9,9
2179,6,6,4,5,3,6,6,6,4,8,4,7,4,7,8,7,4,8,6,6,8,8,5,3,6,6,4,3,6,4,7,7,8,7,7,8,6,7,8,7,8,7,9,4,7,7,4,7,7,7,6,7,7,7,7,3,8,8,7,7,7,7,8,4,3,3,3,2,3,4,3,8,7,4,4,8,8,4,8
2188,4,7,6,4,4,6,6,4,4,8,4,7,6,6,7,6,6,6,7,6,7,6,7,4,4,6,4,2,6,4,6,8,7,7,7,7,6,6,6,*,*,*,*,*,*,*,*,*,*,*,*,*,*,*,*,*,*,*,*,*,*,*,*,*,*,*,*,*,*,*,*,*,*,*,*,*,*,*,*
2190,7,6,7,8,5,7,9,9,9,9,9,7,9,8,8,7,7,7,7,9,6,7,6,1,1,1,2,2,2,1,8,1,5,6,8,7,6,8,8,8,4,8,6,4,4,8,9,9,8,9,8,9,8,8,8,9,6,8,8,8,8,7,7,2,2,2,1,2,2,2,3,4,8,8,7,6,6,8,8
2192,8,7,7,8,6,8,8,9,9,8,8,8,8,8,9,9,9,8,8,8,7,9,6,2,2,2,6,2,2,2,2,2,7,6,8,8,6,4,9,8,7,7,6,3,4,7,9,8,8,8,9,9,8,8,8,9,9,9,9,8,9,6,9,2,2,2,3,2,3,2,2,7,7,7,7,8,4,8,8
2194,3,6,8,7,4,3,7,8,9,8,8,8,8,8,8,8,7,4,7,4,3,8,7,8,6,8,7,3,6,6,6,8,7,7,7,7,6,6,6,*,*,*,*,*,*,*,*,*,*,*,*,*,*,*,*,*,*,*,*,*,*,*,*,*,*,*,*,*,*,*,*,*,*,*,*,*,*,*,*
2213,5,7,7,1,1,2,4,4,5,4,5,6,7,9,9,8,3,3,5,5,3,3,6,3,8,1,4,5,3,8,1,8,8,8,9,9,9,9,9,1,1,1,1,1,1,1,1,1,1,1,3,1,1,3,1,1,1,1,1,1,1,1,1,9,9,9,9,9,9,9,9,9,8,7,7,9,8,2,9
10002,8,6,5,9,3,2,6,8,6,4,5,8,6,6,4,6,2,2,4,3,5,6,4,6,6,8,4,4,4,4,3,7,5,8,6,4,4,7,4,*,*,*,*,*,*,*,*,*,*,*,*,*,*,*,*,*,*,*,*,*,*,*,*,*,*,*,*,*,*,*,*,*,*,*,*,*,*,*,*
10003,3,8,6,3,3,2,7,5,9,8,8,9,8,8,1,9,9,8,8,8,7,9,3,2,6,3,6,2,6,1,2,1,7,7,6,7,4,8,2,4,8,7,5,4,4,7,4,7,8,8,8,8,8,8,8,8,6,8,8,8,8,8,8,2,3,2,6,6,7,1,2,7,7,7,7,7,4,8,8
10004,7,7,6,4,3,4,7,4,4,9,4,8,9,7,8,6,4,2,9,8,8,4,3,2,6,6,9,7,9,6,2,8,8,9,9,8,7,8,8,4,7,7,7,5,4,7,4,4,7,4,7,4,7,8,7,4,3,7,6,7,6,7,6,7,7,7,8,4,7,7,6,6,7,8,8,8,8,8,8
10005,5,9,9,5,9,5,9,8,9,9,9,6,6,7,7,5,9,9,8,9,5,9,5,6,5,1,6,2,2,1,4,5,9,9,9,9,5,9,9,*,*,*,*,*,*,*,*,*,*,*,*,*,*,*,*,*,*,*,*,*,*,*,*,*,*,*,*,*,*,*,*,*,*,*,*,*,*,*,*
10013,7,4,7,6,6,6,8,3,8,8,8,7,8,8,9,8,7,1,7,7,8,3,2,4,4,4,3,2,3,1,6,6,7,8,7,7,6,9,8,*,*,*,*,*,*,*,*,*,*,*,*,*,*,*,*,*,*,*,*,*,*,*,*,*,*,*,*,*,*,*,*,*,*,*,*,*,*,*,*
10026,6,7,8,9,6,8,7,9,8,8,8,9,8,7,8,9,4,3,6,5,8,4,5,6,5,3,6,2,4,4,3,7,8,7,7,8,5,7,7,*,*,*,*,*,*,*,*,*,*,*,*,*,*,*,*,*,*,*,*,*,*,*,*,*,*,*,*,*,*,*,*,*,*,*,*,*,*,*,*
10029,5,7,8,5,8,9,8,9,8,6,6,7,8,8,8,6,8,5,5,6,5,5,6,7,5,5,6,5,6,6,6,8,8,7,7,9,8,7,9,8,7,8,7,8,8,8,8,9,8,6,7,9,8,9,8,8,6,7,7,7,8,7,6,5,7,4,8,4,7,5,6,8,9,7,7,8,7,6,8
10030,4,6,8,5,4,2,7,8,8,8,6,7,4,8,8,3,6,6,6,4,6,2,6,6,6,4,3,7,4,4,6,6,6,8,8,2,7,6,2,*,*,*,*,*,*,*,*,*,*,*,*,*,*,*,*,*,*,*,*,*,*,*,*,*,*,*,*,*,*,*,*,*,*,*,*,*,*,*,*
10031,8,8,8,2,4,4,8,8,9,8,8,9,8,8,8,8,3,6,8,9,9,7,3,2,2,2,1,1,1,2,8,7,7,8,8,8,2,8,8,*,*,*,*,*,*,*,*,*,*,*,*,*,*,*,*,*,*,*,*,*,*,*,*,*,*,*,*,*,*,*,*,*,*,*,*,*,*,*,*
10033,4,7,7,3,3,6,7,4,7,7,8,8,7,6,2,6,7,4,7,7,4,2,8,4,3,3,8,7,8,3,7,6,7,4,3,7,6,6,8,3,6,4,4,3,3,4,4,8,8,8,7,8,8,8,7,2,6,4,4,7,4,8,8,2,5,3,7,6,7,6,2,7,4,4,7,7,8,8,8
10034,5,6,3,5,1,1,6,5,1,7,5,8,8,7,5,3,7,6,5,5,5,3,7,5,5,7,6,1,5,4,4,4,6,4,6,6,5,4,5,6,6,8,4,3,4,7,4,8,8,8,9,8,8,8,7,8,3,6,7,6,6,5,4,4,5,6,2,2,2,6,3,5,7,7,7,7,7,7,8
10035,*,*,7,8,7,6,8,6,5,7,5,8,7,8,7,5,7,4,5,5,6,6,5,5,5,9,5,9,5,5,8,5,6,8,8,5,5,9,5,9,1,9,9,7,6,9,9,7,3,1,9,6,6,9,9,7,4,5,9,8,6,8,3,1,1,1,6,7,9,9,1,2,7,9,9,9,8,9,9
10039,9,6,6,5,6,8,9,8,9,8,9,9,9,9,9,8,8,9,9,9,7,9,5,4,1,6,6,4,6,6,6,6,7,7,7,8,6,9,8,7,6,8,1,8,9,6,9,9,9,9,9,9,9,9,9,9,9,9,9,7,9,6,9,1,1,1,2,3,2,2,*,3,8,6,7,7,7,5,8
10043,2,3,7,5,3,7,6,*,8,7,8,8,3,6,3,6,3,6,8,8,7,3,4,3,3,3,3,8,6,3,7,6,6,7,8,7,4,4,8,*,*,*,*,*,*,*,*,*,*,*,*,*,*,*,*,*,*,*,*,*,*,*,*,*,*,*,*,*,*,*,*,*,*,*,*,*,*,*,*
10044,9,8,8,5,9,8,9,9,8,8,9,7,9,7,9,1,1,9,8,9,7,9,6,1,1,1,4,3,6,2,8,1,5,6,1,6,1,6,9,*,*,*,*,*,*,*,*,*,*,*,*,*,*,*,*,*,*,*,*,*,*,*,*,*,*,*,*,*,*,*,*,*,*,*,*,*,*,*,*
10046,9,7,7,5,6,7,6,8,8,8,5,7,9,6,8,7,6,3,7,6,5,8,7,2,2,1,3,1,4,2,2,4,7,8,9,6,5,9,8,6,6,7,5,3,3,4,7,8,8,6,8,8,6,8,7,8,4,7,7,7,8,6,6,3,4,3,3,3,4,3,7,5,6,8,6,6,6,8,8
10047,4,7,7,8,5,4,9,6,3,8,4,8,5,7,7,7,3,4,5,5,3,4,5,3,5,6,8,7,6,7,3,8,7,8,6,9,8,7,8,4,8,7,6,7,4,6,5,3,8,3,7,4,6,5,6,4,2,7,6,5,5,6,4,5,6,6,7,6,7,5,5,5,5,7,6,5,2,6,6
10048,3,8,8,7,7,7,8,2,4,4,3,7,6,6,3,6,4,7,3,4,6,6,7,4,7,4,7,8,8,3,4,7,6,7,7,7,7,7,7,4,7,6,7,4,4,6,2,3,3,2,6,4,6,4,7,3,4,4,6,6,6,3,6,6,8,6,7,8,8,7,3,8,5,7,7,6,*,4,*
10062,4,8,9,6,1,1,3,6,3,*,4,8,2,5,5,5,3,1,5,5,8,1,5,5,6,6,7,2,9,7,5,8,9,9,7,8,7,8,5,8,8,8,5,3,6,6,6,7,9,7,8,8,7,*,7,4,8,7,7,7,8,5,9,6,5,2,4,2,7,4,6,6,7,8,8,4,3,8,7
10063,4,4,8,3,5,4,9,8,8,6,8,8,8,6,6,8,9,8,8,8,8,8,8,5,8,5,1,6,7,6,5,9,8,8,9,9,8,8,9,*,*,*,*,*,*,*,*,*,*,*,*,*,*,*,*,*,*,*,*,*,*,*,*,*,*,*,*,*,*,*,*,*,*,*,*,*,*,*,*
10072,4,7,7,6,2,3,7,3,8,7,3,8,2,7,8,8,3,4,8,3,7,8,8,8,6,6,9,8,5,7,6,8,9,9,8,6,9,9,8,6,7,7,3,4,6,6,7,8,7,7,7,6,7,7,7,8,8,6,7,7,6,7,7,7,3,3,3,3,3,3,7,7,8,8,7,7,7,7,7
10073,2,1,7,1,3,1,2,1,4,7,4,7,6,6,8,4,4,2,3,3,6,4,4,8,8,8,9,7,8,8,9,9,8,7,7,7,8,8,9,*,*,*,*,*,*,*,*,*,*,*,*,*,*,*,*,*,*,*,*,*,*,*,*,*,*,*,*,*,*,*,*,*,*,*,*,*,*,*,*
10074,8,6,8,5,8,8,9,8,9,9,9,9,9,9,9,9,8,8,8,8,8,8,6,2,4,2,2,3,1,2,2,3,9,8,7,7,5,8,7,9,7,7,4,6,6,7,7,7,7,6,7,6,7,7,7,5,8,7,5,7,6,3,7,2,2,3,5,3,7,4,3,5,*,7,7,7,2,7,7
10078,4,4,9,5,3,4,9,5,6,6,3,8,4,7,2,6,5,2,7,6,5,9,5,8,6,9,9,3,6,7,7,3,6,7,8,7,5,8,5,*,*,*,*,*,*,*,*,*,*,*,*,*,*,*,*,*,*,*,*,*,*,*,*,*,*,*,*,*,*,*,*,*,*,*,*,*,*,*,*
10080,9,6,9,8,7,9,7,4,8,9,8,9,9,9,9,7,8,9,4,5,7,9,9,6,8,4,7,2,5,1,9,2,7,9,9,7,5,9,9,3,6,8,6,6,3,6,7,8,8,6,8,8,8,6,7,8,7,8,8,6,6,6,7,6,4,6,6,3,7,6,6,6,6,6,6,7,6,6,6
10083,2,4,6,5,4,1,8,4,8,7,8,9,9,6,9,6,8,9,6,5,6,9,5,5,5,1,6,2,1,1,5,4,9,8,2,9,5,9,9,4,6,7,4,4,3,7,4,6,8,6,9,6,5,3,7,4,7,7,5,5,9,5,7,4,4,7,7,4,5,1,3,4,4,8,7,9,5,9,3
10091,4,7,7,6,6,6,7,6,7,7,7,8,8,7,8,8,4,3,6,4,8,4,6,4,4,4,7,4,7,4,7,8,8,7,8,7,6,7,8,7,6,7,6,4,4,6,6,8,7,7,8,7,7,7,7,4,3,7,*,7,3,6,6,7,4,6,6,4,6,6,3,8,7,7,7,4,6,6,7
10097,3,6,5,5,7,3,7,7,8,8,7,8,8,8,9,8,8,4,6,7,9,4,8,5,7,3,4,7,3,6,6,9,9,8,7,9,9,8,9,4,6,6,6,8,6,7,9,9,8,8,8,9,8,9,8,9,4,7,7,8,2,8,4,3,7,2,2,3,1,1,4,8,9,7,7,8,7,8,9
10098,7,7,6,5,2,5,6,2,8,8,5,8,6,8,9,7,3,2,8,7,8,3,1,1,3,8,4,2,5,1,2,8,7,8,8,8,8,9,9,3,7,5,5,5,5,6,4,9,7,5,6,4,6,7,6,5,5,6,5,6,4,6,4,5,5,6,6,5,6,6,7,6,7,7,5,5,6,*,7
10104,4,4,4,5,7,4,2,1,7,6,2,6,6,6,7,6,8,2,4,4,6,3,4,3,7,7,2,8,2,2,4,7,8,7,8,7,8,9,8,4,6,6,6,3,4,6,4,3,7,4,6,6,6,4,6,7,4,6,6,8,3,8,4,6,4,7,6,7,6,4,6,7,7,7,6,8,8,7,8
10105,9,7,7,5,9,9,7,8,8,7,7,7,7,6,6,6,9,9,9,9,9,9,6,2,2,2,2,5,2,2,7,6,7,6,6,9,7,8,9,*,*,*,*,*,*,*,*,*,*,*,*,*,*,*,*,*,*,*,*,*,*,*,*,*,*,*,*,*,*,*,*,*,*,*,*,*,*,*,*
10110,6,9,8,6,3,6,7,3,3,8,3,8,4,4,4,7,3,3,8,6,8,7,7,2,7,2,6,1,4,4,2,7,8,9,7,8,8,9,8,*,*,*,*,*,*,*,*,*,*,*,*,*,*,*,*,*,*,*,*,*,*,*,*,*,*,*,*,*,*,*,*,*,*,*,*,*,*,*,*
10116,8,8,8,5,9,8,8,3,9,7,4,9,8,8,8,8,8,3,8,9,2,8,1,2,2,1,8,3,2,8,2,8,8,9,8,9,8,9,9,*,*,*,*,*,*,*,*,*,*,*,*,*,*,*,*,*,*,*,*,*,*,*,*,*,*,*,*,*,*,*,*,*,*,*,*,*,*,*,*
10119,3,5,6,2,6,3,4,3,8,6,4,8,8,7,9,8,4,3,5,5,5,6,4,4,1,4,3,1,5,2,4,4,6,6,6,7,4,7,8,*,*,*,*,*,*,*,*,*,*,*,*,*,*,*,*,*,*,*,*,*,*,*,*,*,*,*,*,*,*,*,*,*,*,*,*,*,*,*,*
10129,6,7,8,7,8,8,8,7,6,8,7,8,6,7,7,7,6,3,7,7,8,6,7,8,6,6,6,2,7,4,7,4,7,8,8,7,6,7,7,8,7,8,5,6,7,7,8,8,8,8,7,8,7,8,7,8,7,7,8,9,7,8,7,2,3,3,1,1,1,2,8,6,7,8,8,8,6,8,8
10132,8,2,7,5,4,7,4,8,8,8,8,8,8,8,8,7,8,2,4,7,6,6,3,4,2,2,6,3,3,3,4,8,8,7,4,8,8,7,9,8,6,6,7,7,7,6,7,8,7,9,8,9,7,7,6,7,3,7,7,6,4,4,4,2,1,1,1,2,2,2,2,7,7,4,6,7,6,6,*
10134,4,7,6,6,4,4,9,4,4,3,4,7,7,8,9,4,6,3,7,8,4,6,8,6,6,3,7,7,*,7,8,9,9,9,9,9,9,9,9,8,7,7,4,7,8,9,9,9,7,4,7,8,6,7,8,7,4,7,7,6,3,7,7,4,6,4,7,7,8,6,3,9,8,8,8,9,9,7,9
10135,3,2,7,4,1,2,8,1,3,6,2,7,3,8,8,7,4,9,8,8,7,8,8,6,8,6,9,9,8,8,4,9,8,4,7,7,9,7,4,*,*,*,*,*,*,*,*,*,*,*,*,*,*,*,*,*,*,*,*,*,*,*,*,*,*,*,*,*,*,*,*,*,*,*,*,*,*,*,*
10141,9,7,6,*,7,8,8,8,4,6,2,7,2,8,7,7,7,8,7,*,9,8,7,8,8,9,9,3,9,7,8,7,8,9,6,8,4,8,8,*,*,*,*,*,*,*,*,*,*,*,*,*,*,*,*,*,*,*,*,*,*,*,*,*,*,*,*,*,*,*,*,*,*,*,*,*,*,*,*
10144,4,6,8,5,9,3,9,6,9,9,9,9,9,9,9,9,8,1,8,7,7,3,5,4,7,4,5,4,5,4,3,5,7,9,9,9,6,9,8,4,4,6,5,4,3,9,9,9,9,8,9,8,9,9,9,9,8,8,8,8,8,7,2,6,6,5,7,3,4,7,8,4,8,9,8,8,7,9,9
10146,4,4,6,7,6,8,7,8,8,6,8,9,8,9,9,7,6,4,6,6,6,8,4,2,4,2,2,1,8,6,2,2,2,6,6,7,6,8,9,6,3,4,6,4,6,6,4,4,6,3,7,4,9,7,5,3,2,4,4,7,4,3,3,7,7,6,7,4,7,6,6,8,5,6,6,6,8,6,6
10153,4,6,6,5,6,4,3,3,3,5,2,6,3,8,9,3,6,7,4,6,7,7,5,7,7,8,9,4,7,8,9,9,8,8,8,6,6,9,7,8,6,5,6,3,6,7,4,4,3,2,7,3,8,8,8,9,8,7,8,8,7,8,8,4,4,4,8,6,8,8,5,7,7,3,4,7,6,5,8
10155,8,8,8,5,6,8,8,8,8,8,4,9,8,8,9,9,8,4,8,9,9,7,6,3,5,2,6,2,6,4,3,7,8,8,9,9,7,9,9,*,*,*,*,*,*,*,*,*,*,*,*,*,*,*,*,*,*,*,*,*,*,*,*,*,*,*,*,*,*,*,*,*,*,*,*,*,*,*,*
10156,5,4,6,5,4,3,4,5,7,8,5,6,6,9,9,6,5,3,6,4,6,4,5,6,3,6,6,3,6,6,6,6,7,3,6,6,6,4,6,*,*,*,*,*,*,*,*,*,*,*,*,*,*,*,*,*,*,*,*,*,*,*,*,*,*,*,*,*,*,*,*,*,*,*,*,*,*,*,*
10164,5,9,8,5,7,9,*,5,5,7,2,8,3,5,8,8,4,4,7,8,5,9,7,8,6,6,9,6,5,5,9,8,3,8,4,9,5,9,9,9,9,7,5,9,9,8,9,9,9,4,9,4,9,9,9,9,4,8,9,8,9,6,7,5,1,1,8,2,8,8,9,9,5,9,6,9,7,9,9
10166,4,5,7,5,4,4,6,5,4,8,6,8,8,7,7,4,7,7,7,6,5,7,7,2,4,2,3,3,4,3,8,7,5,8,7,7,5,8,7,4,5,7,5,4,4,6,8,8,8,8,8,8,8,8,5,8,8,8,8,6,8,6,8,2,2,2,3,3,2,2,3,6,5,8,8,7,6,8,8
10168,*,*,7,7,4,4,7,*,8,8,8,8,8,7,8,7,8,7,8,8,8,7,*,2,*,2,6,3,*,*,3,*,*,6,7,8,*,7,8,*,*,*,*,*,*,*,*,*,*,*,*,*,*,*,*,*,*,*,*,*,*,*,*,*,*,*,*,*,*,*,*,*,*,*,*,*,*,*,*
10171,4,5,9,5,8,4,8,5,8,8,8,9,8,6,5,5,7,8,5,5,6,7,5,1,5,1,7,5,6,5,5,5,7,8,6,6,6,8,6,7,6,8,5,8,8,8,8,8,8,6,8,8,8,7,8,8,4,8,8,7,8,5,6,2,5,4,3,7,3,4,5,3,8,8,8,7,7,8,8
10174,4,8,8,*,8,4,8,*,8,8,7,8,6,8,8,8,8,9,*,7,*,9,*,2,*,1,2,5,8,7,2,*,*,5,8,3,*,3,*,*,*,*,*,*,*,*,*,*,*,*,*,*,*,*,*,*,*,*,*,*,*,*,*,*,*,*,*,*,*,*,*,*,*,*,*,*,*,*,*
10177,3,7,3,2,3,2,6,5,5,8,4,8,8,6,6,4,7,6,6,7,6,7,5,6,5,3,7,4,6,1,2,4,6,6,6,5,5,8,5,3,3,7,5,2,3,3,2,2,8,4,6,7,8,6,6,3,4,7,6,7,6,8,7,3,6,3,6,3,4,1,6,7,6,6,6,6,6,6,6
10178,5,5,7,3,4,4,4,7,4,7,6,7,8,2,7,7,8,6,6,7,6,6,2,3,2,6,6,4,4,2,8,6,*,7,3,7,5,8,8,*,*,*,*,*,*,*,*,*,*,*,*,*,*,*,*,*,*,*,*,*,*,*,*,*,*,*,*,*,*,*,*,*,*,*,*,*,*,*,*
10181,6,7,6,5,9,6,8,5,8,8,8,8,9,7,9,9,8,4,7,8,6,4,5,2,4,2,4,3,2,3,4,6,6,6,6,6,6,8,8,6,7,*,6,7,3,6,7,7,7,7,7,6,7,7,7,6,4,7,7,7,4,7,7,4,3,6,6,4,7,6,6,6,4,6,7,6,6,7,7
10182,6,1,9,4,9,9,9,3,9,8,4,8,7,8,8,7,8,9,7,4,6,9,3,1,2,1,6,4,6,3,1,9,3,9,6,9,1,9,9,*,*,*,*,*,*,*,*,*,*,*,*,*,*,*,*,*,*,*,*,*,*,*,*,*,*,*,*,*,*,*,*,*,*,*,*,*,*,*,*
10194,5,9,7,5,4,3,6,6,7,7,6,8,7,7,8,7,9,4,8,9,6,7,5,5,5,5,6,5,4,4,5,6,8,7,8,8,6,8,8,*,*,*,*,*,*,*,*,*,*,*,*,*,*,*,*,*,*,*,*,*,*,*,*,*,*,*,*,*,*,*,*,*,*,*,*,*,*,*,*
10196,4,4,5,2,3,4,6,3,4,7,7,5,3,8,8,4,3,2,6,3,7,4,5,3,3,3,8,3,5,7,3,8,8,8,8,8,8,8,8,7,4,5,6,4,6,6,6,8,6,6,8,6,8,8,8,5,3,5,6,7,4,5,3,3,5,3,5,4,7,6,4,6,7,7,7,7,8,7,8
10197,4,2,4,3,4,7,6,4,9,7,8,8,9,8,9,7,8,8,*,7,9,6,*,4,3,6,6,1,2,2,2,6,2,8,9,8,9,9,9,8,8,7,2,8,8,7,8,8,7,9,7,8,8,8,8,7,8,7,3,7,8,7,7,2,2,2,2,2,2,2,3,7,8,8,8,8,8,9,8
10198,8,7,7,6,8,7,8,9,2,7,7,7,8,7,7,7,6,6,7,8,9,7,7,4,4,3,6,7,4,5,4,9,8,7,7,8,7,6,9,6,7,7,8,7,6,9,7,7,7,6,8,6,8,9,8,6,4,6,7,9,6,6,6,4,6,6,5,4,6,4,6,9,8,9,9,9,9,9,9
10201,7,8,8,5,9,8,9,5,8,7,7,7,7,8,9,8,7,6,6,5,2,6,5,6,6,6,7,6,5,8,9,2,7,9,9,6,6,9,6,4,7,8,5,4,4,7,4,8,8,4,9,9,9,9,9,4,4,7,8,6,6,5,6,6,7,6,6,3,5,7,6,5,8,9,9,6,4,9,6
10202,3,2,6,1,2,2,2,2,1,7,1,3,3,6,7,1,2,2,3,4,7,3,3,2,3,1,7,8,4,6,3,9,8,9,9,7,8,9,7,7,6,7,4,4,4,6,6,7,7,4,6,6,6,7,7,4,4,7,6,6,4,6,6,4,4,4,6,4,6,4,7,6,8,9,8,6,6,7,7
10205,9,5,9,5,8,4,7,7,8,9,9,9,9,5,5,9,9,9,7,5,5,3,5,1,3,3,6,4,9,6,9,8,5,8,9,7,5,9,9,7,6,9,1,9,6,9,9,9,9,9,9,9,9,1,9,9,9,9,9,6,9,5,9,1,5,1,1,2,1,4,1,7,7,8,7,8,6,9,1
10208,7,5,7,7,9,7,9,5,6,6,3,7,5,6,7,6,3,4,5,5,6,6,5,5,5,5,8,7,8,6,5,8,8,6,6,4,8,8,5,6,8,7,5,3,6,9,5,1,8,3,8,3,6,6,6,4,3,8,8,6,3,7,7,6,5,6,9,3,8,4,4,8,4,7,7,7,6,3,5
10209,6,7,7,5,7,3,9,5,9,8,7,8,6,6,7,5,8,8,4,3,5,8,5,2,3,7,4,2,8,4,7,1,6,6,4,5,5,7,7,*,*,*,*,*,*,*,*,*,*,*,*,*,*,*,*,*,*,*,*,*,*,*,*,*,*,*,*,*,*,*,*,*,*,*,*,*,*,*,*
10213,9,8,7,8,8,9,9,7,7,7,4,7,6,7,8,7,7,9,7,7,8,9,7,4,8,7,7,4,8,6,6,8,7,3,4,8,8,4,8,8,8,8,8,8,7,8,4,6,6,3,6,8,3,4,7,7,9,8,8,8,8,8,9,6,7,6,8,6,8,6,7,7,7,3,3,7,6,4,9
10217,2,6,7,6,5,3,8,3,4,7,4,7,4,8,9,8,4,4,6,5,7,6,5,4,5,7,9,6,8,1,9,8,8,7,8,9,6,9,9,*,*,*,*,*,*,*,*,*,*,*,*,*,*,*,*,*,*,*,*,*,*,*,*,*,*,*,*,*,*,*,*,*,*,*,*,*,*,*,*
10226,8,8,7,5,7,8,8,8,9,7,9,8,8,7,8,7,4,2,5,5,4,7,5,3,3,6,7,2,4,2,5,3,2,3,4,4,5,2,3,4,6,7,3,3,3,6,8,8,8,8,8,8,8,8,8,6,4,8,8,7,7,5,8,6,2,6,6,2,3,3,6,5,5,7,7,7,5,8,8
10228,3,6,7,5,2,2,6,8,9,8,9,8,8,7,8,7,8,6,7,8,8,6,5,2,2,2,4,2,3,2,5,2,7,6,7,8,4,7,8,*,*,*,*,*,*,*,*,*,*,*,*,*,*,*,*,*,*,*,*,*,*,*,*,*,*,*,*,*,*,*,*,*,*,*,*,*,*,*,*
10230,7,8,7,5,1,6,9,4,8,4,4,9,9,8,7,9,1,1,6,9,9,1,4,6,4,7,9,1,9,9,7,6,9,6,9,9,8,8,7,8,6,4,4,4,4,5,5,7,3,6,4,4,5,7,3,7,5,5,6,6,5,5,7,4,4,4,4,4,4,5,6,4,4,3,4,4,6,6,6
10233,6,7,7,6,3,4,5,9,9,9,9,9,9,7,7,9,7,6,9,9,5,9,4,4,5,6,7,3,2,1,1,6,7,9,6,9,9,9,9,*,*,*,*,*,*,*,*,*,*,*,*,*,*,*,*,*,*,*,*,*,*,*,*,*,*,*,*,*,*,*,*,*,*,*,*,*,*,*,*
10235,2,3,7,5,2,1,6,6,9,9,8,9,9,8,8,8,8,2,8,9,7,5,5,5,5,7,7,4,4,4,5,9,5,8,9,9,4,8,9,*,*,*,*,*,*,*,*,*,*,*,*,*,*,*,*,*,*,*,*,*,*,*,*,*,*,*,*,*,*,*,*,*,*,*,*,*,*,*,*
10237,6,6,8,6,6,6,6,8,8,8,8,7,7,7,8,7,6,8,7,8,7,8,7,3,4,3,2,4,3,3,6,8,6,7,8,7,6,7,7,7,6,8,7,6,7,7,9,8,8,8,7,8,7,8,7,8,9,7,9,8,8,7,8,2,2,2,2,3,3,2,3,7,7,7,6,8,6,7,8
10239,8,7,7,4,6,7,3,3,4,6,3,7,6,6,6,6,4,6,8,9,7,3,4,2,3,2,4,3,4,6,7,9,9,8,8,9,9,9,8,8,6,6,6,6,6,4,4,7,8,8,7,8,7,7,7,2,2,8,8,8,2,4,2,4,2,3,3,2,3,6,3,8,8,7,7,6,6,7,7
10242,3,6,7,6,5,4,8,6,9,8,8,9,9,8,9,9,9,6,8,8,7,6,7,3,2,3,6,8,3,7,3,6,5,8,9,9,6,9,9,3,4,6,4,6,4,6,4,6,8,6,7,9,7,8,7,8,6,8,8,8,7,8,8,4,6,4,6,3,6,6,3,7,7,6,6,8,7,8,8
10245,7,7,9,5,8,7,8,8,8,8,6,8,8,8,8,7,9,5,7,8,8,9,4,6,4,3,4,4,4,4,3,7,6,7,6,6,6,4,5,*,*,*,*,*,*,*,*,*,*,*,*,*,*,*,*,*,*,*,*,*,*,*,*,*,*,*,*,*,*,*,*,*,*,*,*,*,*,*,*
10247,6,2,8,5,7,7,8,5,8,8,8,7,7,9,8,7,8,4,7,4,5,6,5,4,3,3,4,7,3,2,3,6,6,7,8,7,6,7,7,8,6,8,9,8,8,8,7,8,8,6,8,7,9,9,8,3,1,7,4,2,3,5,1,3,5,3,6,7,7,6,3,2,3,7,7,7,1,*,7
10248,4,7,7,5,4,6,7,4,7,6,3,7,4,7,6,7,4,4,7,7,6,4,6,6,6,6,6,2,7,6,4,5,7,8,8,7,7,6,6,*,*,*,*,*,*,*,*,*,*,*,*,*,*,*,*,*,*,*,*,*,*,*,*,*,*,*,*,*,*,*,*,*,*,*,*,*,*,*,*
10249,8,6,6,5,7,6,9,8,9,8,7,8,9,8,8,9,8,7,7,9,5,8,9,1,2,1,3,3,5,2,2,5,6,8,8,8,4,9,8,*,*,*,*,*,*,*,*,*,*,*,*,*,*,*,*,*,*,*,*,*,*,*,*,*,*,*,*,*,*,*,*,*,*,*,*,*,*,*,*
10255,3,6,8,7,4,7,8,5,7,6,6,8,6,7,8,4,5,6,7,6,8,8,7,6,5,4,4,3,6,2,7,3,2,8,7,7,4,7,8,3,7,7,7,4,6,7,4,7,8,3,7,6,7,7,8,6,7,7,7,7,6,7,8,6,5,4,7,4,4,6,7,6,6,8,7,3,7,7,7
10257,4,4,6,3,7,3,4,9,9,8,9,7,8,5,7,6,7,3,4,4,5,8,5,2,3,2,2,2,2,2,2,7,6,8,7,5,4,8,7,3,7,7,2,2,3,4,4,8,7,8,7,7,7,9,7,8,3,7,8,8,6,7,7,6,7,7,7,3,5,7,9,7,7,7,7,7,8,9,9
10264,3,4,6,5,3,3,3,5,5,6,4,7,6,7,7,6,4,7,8,7,6,7,7,7,6,6,4,6,3,4,7,6,6,3,3,8,6,3,8,4,8,6,4,4,4,6,4,9,8,8,8,7,7,8,6,8,8,8,8,8,8,8,9,6,3,6,3,3,2,2,6,7,4,3,6,7,7,3,8
10274,4,6,8,7,6,3,8,5,3,8,6,9,6,6,5,7,3,9,7,4,7,6,6,4,2,8,7,3,7,3,4,4,3,2,7,7,6,7,5,*,*,*,*,*,*,*,*,*,*,*,*,*,*,*,*,*,*,*,*,*,*,*,*,*,*,*,*,*,*,*,*,*,*,*,*,*,*,*,*
10276,6,7,6,7,4,4,6,3,9,8,7,8,8,7,9,8,4,1,6,3,8,4,5,6,3,6,7,2,6,6,7,8,8,9,9,8,8,9,8,4,7,7,7,7,8,7,8,9,8,9,8,9,9,9,9,3,7,7,7,8,4,7,7,4,3,4,6,4,1,7,3,8,8,9,9,9,9,9,9
10277,8,8,8,5,6,7,9,7,6,8,6,8,6,8,9,8,8,4,8,8,8,7,5,6,5,4,7,3,4,4,6,4,9,6,7,8,7,8,8,*,*,*,*,*,*,*,*,*,*,*,*,*,*,*,*,*,*,*,*,*,*,*,*,*,*,*,*,*,*,*,*,*,*,*,*,*,*,*,*
10278,7,6,8,5,7,4,7,8,9,8,8,8,8,8,8,8,8,8,8,8,4,7,7,6,4,6,7,4,7,6,6,8,4,8,7,7,3,8,7,8,4,7,*,6,7,8,7,8,8,7,8,8,8,8,8,8,8,7,8,8,7,8,8,3,8,4,6,3,4,7,4,6,6,8,7,6,3,8,6
10279,4,4,7,4,3,4,3,4,6,5,9,8,8,6,6,7,2,8,7,7,5,8,8,6,6,4,3,8,4,6,6,4,7,5,8,9,4,5,8,7,3,5,3,2,2,2,5,8,8,8,8,8,8,8,8,7,5,8,8,3,3,8,8,5,2,5,6,6,5,5,5,8,8,2,3,8,8,2,8
10280,8,7,7,2,3,8,8,9,8,8,8,9,8,7,9,7,6,8,7,8,7,8,7,2,2,2,9,3,7,6,9,8,8,8,8,8,6,9,9,8,6,4,6,6,4,6,7,8,4,6,6,4,6,7,6,4,3,6,6,6,6,6,6,4,6,4,8,4,6,6,6,7,9,6,4,6,4,6,7
10281,9,6,4,5,3,4,6,5,8,7,8,7,8,6,8,7,1,5,6,8,7,6,*,2,2,3,6,7,4,3,7,5,6,7,6,7,7,7,7,*,*,*,*,*,*,*,*,*,*,*,*,*,*,*,*,*,*,*,*,*,*,*,*,*,*,*,*,*,*,*,*,*,*,*,*,*,*,*,*
10286,7,7,8,9,9,8,9,9,9,7,5,8,8,8,9,7,8,2,8,9,7,5,6,7,7,6,7,5,9,8,7,9,9,8,7,9,8,8,9,*,*,*,*,*,*,*,*,*,*,*,*,*,*,*,*,*,*,*,*,*,*,*,*,*,*,*,*,*,*,*,*,*,*,*,*,*,*,*,*
10287,9,7,8,8,8,9,7,9,9,8,9,9,9,8,8,9,9,9,8,9,6,9,6,2,1,2,2,1,2,2,8,1,7,8,8,7,5,8,8,9,8,9,9,8,9,*,9,9,7,4,9,9,8,9,9,9,8,9,9,8,9,3,9,2,2,3,1,1,1,6,2,2,6,7,7,8,6,8,9
10303,3,5,6,5,8,6,9,2,7,8,5,8,8,7,8,8,6,4,6,8,2,7,5,6,5,7,6,8,5,5,8,3,8,8,8,4,5,8,8,8,1,4,3,8,5,6,4,9,3,3,4,5,5,3,5,9,5,5,7,3,6,3,3,4,5,5,7,4,3,6,4,5,2,1,4,6,2,7,7
10306,6,7,7,5,3,4,7,4,9,9,9,8,4,8,9,8,6,4,8,8,9,4,7,1,3,1,3,1,6,6,2,8,7,9,8,9,8,8,9,9,9,9,8,4,9,8,9,8,9,9,9,9,8,9,8,9,9,9,9,9,9,6,8,1,1,1,2,1,1,1,2,5,9,9,9,8,8,9,9
10310,4,8,7,5,4,4,9,6,9,8,9,8,4,8,7,8,7,7,7,8,8,9,9,2,2,1,6,3,4,6,5,6,7,7,6,7,6,6,6,*,*,*,*,*,*,*,*,*,*,*,*,*,*,*,*,*,*,*,*,*,*,*,*,*,*,*,*,*,*,*,*,*,*,*,*,*,*,*,*
10322,4,7,7,4,6,6,8,6,9,8,*,8,8,2,6,7,9,6,5,4,5,8,5,6,2,3,3,3,6,2,5,7,7,8,9,7,2,9,6,7,6,6,7,8,8,8,5,8,7,8,7,8,6,8,7,4,9,7,8,8,7,3,9,2,2,2,2,2,8,2,2,7,7,7,7,7,2,8,8
10324,2,7,2,5,1,1,3,3,8,8,8,8,4,9,9,8,7,3,6,3,8,8,5,6,6,6,6,4,6,3,4,9,9,6,7,8,7,7,9,7,7,7,8,7,4,8,8,8,8,4,9,8,9,8,9,8,7,7,7,8,4,6,7,2,6,2,3,3,3,7,3,7,9,6,7,8,7,4,8
10327,7,6,9,5,3,3,3,4,8,8,6,9,9,8,8,8,8,9,6,6,6,9,7,6,1,7,6,3,1,3,8,4,5,7,6,6,4,8,8,4,6,8,5,3,4,6,3,8,8,7,8,8,7,7,7,8,2,8,7,7,8,7,7,3,5,3,6,2,3,7,3,5,3,4,8,8,6,7,7
10335,4,6,6,7,4,4,7,4,6,7,7,6,8,5,5,6,4,3,6,4,7,4,6,7,7,7,7,4,6,6,8,8,8,7,6,8,7,6,8,*,*,*,*,*,*,*,*,*,*,*,*,*,*,*,*,*,*,*,*,*,*,*,*,*,*,*,*,*,*,*,*,*,*,*,*,*,*,*,*
10337,4,6,7,5,4,4,6,6,8,8,8,8,7,8,8,7,4,6,7,7,7,8,5,6,4,2,2,4,4,5,6,7,5,8,7,7,7,6,6,6,4,4,4,6,6,4,6,6,6,6,6,6,6,6,4,6,6,4,6,6,6,4,4,4,4,4,4,4,4,4,6,4,4,6,4,4,4,6,6
10339,4,7,9,4,4,4,6,6,9,8,8,8,9,7,6,7,8,4,6,6,3,8,4,6,4,7,3,4,1,4,9,2,9,8,8,6,3,9,7,*,*,*,*,*,*,*,*,*,*,*,*,*,*,*,*,*,*,*,*,*,*,*,*,*,*,*,*,*,*,*,*,*,*,*,*,*,*,*,*
10361,3,5,2,5,3,1,6,5,9,9,9,9,9,8,9,9,7,8,3,9,5,5,5,1,5,1,5,5,6,6,1,5,6,8,5,5,1,5,5,2,2,4,2,2,2,2,9,9,9,9,9,9,9,9,9,9,9,9,9,8,8,9,9,1,6,1,8,1,7,1,2,1,5,7,7,5,2,8,3
10362,4,7,6,5,4,5,6,4,6,6,3,7,4,7,6,6,4,4,7,5,6,4,3,7,6,7,7,2,5,6,6,7,6,8,6,8,7,7,6,4,4,6,6,6,6,4,6,6,6,6,6,6,6,6,6,7,6,7,6,6,6,7,6,4,4,4,4,6,4,3,4,6,6,6,4,6,4,6,6
10365,9,8,9,5,9,9,8,8,9,8,8,8,8,8,8,9,4,4,7,9,8,4,5,5,5,2,2,1,4,2,5,6,8,8,8,7,6,9,6,9,9,9,5,9,9,9,4,9,8,5,9,9,9,1,9,9,9,7,9,7,9,5,9,1,5,1,7,5,6,6,1,5,9,9,9,9,7,9,1
10386,3,1,7,4,3,3,6,5,6,5,8,8,9,8,8,7,9,7,4,8,7,4,7,4,5,3,8,6,6,4,8,2,6,8,9,6,6,8,5,4,5,8,5,2,4,3,8,7,7,8,7,8,7,8,7,9,9,7,8,7,9,7,8,3,5,3,7,8,6,7,3,7,8,7,7,8,6,8,8
10388,8,8,9,9,6,8,9,9,8,7,6,7,8,4,7,7,2,6,7,4,7,7,7,1,1,1,4,3,2,1,1,7,6,8,7,9,8,8,9,8,7,8,8,7,7,7,8,8,8,9,7,8,7,7,7,7,7,8,8,8,8,8,7,1,2,1,2,2,2,2,2,3,8,8,7,8,7,8,9
11008,4,4,4,5,2,2,4,3,2,6,4,4,4,4,6,4,7,4,4,4,7,6,7,6,7,4,6,3,4,4,4,9,9,8,8,8,8,7,8,*,*,*,*,*,*,*,*,*,*,*,*,*,*,*,*,*,*,*,*,*,*,*,*,*,*,*,*,*,*,*,*,*,*,*,*,*,*,*,*
11009,3,3,4,1,1,4,3,1,8,6,2,6,9,6,7,8,8,5,4,4,7,7,4,3,7,5,6,4,6,4,7,1,8,8,8,8,8,8,8,*,*,*,*,*,*,*,*,*,*,*,*,*,*,*,*,*,*,*,*,*,*,*,*,*,*,*,*,*,*,*,*,*,*,*,*,*,*,*,*
11015,9,8,8,5,9,9,8,5,9,8,8,9,8,8,4,9,8,6,5,5,6,8,5,6,5,3,4,6,4,4,6,4,6,8,8,6,5,7,6,8,6,9,9,8,8,8,8,9,8,8,9,8,8,8,9,8,8,9,9,8,8,6,8,3,3,2,1,6,2,2,8,6,4,8,8,8,2,8,8
11016,8,7,6,5,6,7,7,6,6,4,4,7,6,6,3,*,4,4,4,6,7,7,5,3,5,7,4,3,4,3,8,9,8,8,8,7,7,7,8,*,*,*,*,*,*,*,*,*,*,*,*,*,*,*,*,*,*,*,*,*,*,*,*,*,*,*,*,*,*,*,*,*,*,*,*,*,*,*,*
11022,5,6,9,5,9,8,9,5,6,8,5,7,9,7,8,5,3,4,5,5,5,4,6,5,5,5,4,4,5,5,8,5,5,8,7,6,3,8,5,*,*,*,*,*,*,*,*,*,*,*,*,*,*,*,*,*,*,*,*,*,*,*,*,*,*,*,*,*,*,*,*,*,*,*,*,*,*,*,*
11024,4,5,7,5,9,9,9,8,9,7,5,7,9,8,*,4,7,3,8,9,7,3,5,5,2,4,4,2,5,3,9,9,6,9,8,8,8,9,8,8,7,8,8,8,8,8,8,8,6,7,8,8,7,8,8,8,8,8,7,8,8,6,8,3,3,3,2,3,2,2,5,7,7,8,8,8,8,8,8
11029,9,7,9,5,6,4,8,9,9,9,8,9,8,8,2,8,7,9,9,8,8,9,9,2,2,2,2,3,2,8,2,1,3,8,8,8,5,9,2,*,*,*,*,*,*,*,*,*,*,*,*,*,*,*,*,*,*,*,*,*,*,*,*,*,*,*,*,*,*,*,*,*,*,*,*,*,*,*,*
11047,5,6,7,5,6,8,6,5,8,7,8,8,8,6,7,7,7,8,6,7,6,8,5,7,5,4,7,4,5,6,5,5,5,8,7,5,5,7,5,6,7,4,7,7,7,7,7,7,7,4,6,6,8,8,7,8,8,7,7,7,7,6,7,3,5,6,6,6,6,7,7,7,8,8,7,7,7,7,8
11048,7,8,5,6,7,8,7,6,4,8,6,8,9,7,8,6,6,4,3,4,8,7,6,7,6,6,6,3,4,4,7,8,7,8,9,8,8,8,8,*,*,*,*,*,*,*,*,*,*,*,*,*,*,*,*,*,*,*,*,*,*,*,*,*,*,*,*,*,*,*,*,*,*,*,*,*,*,*,*
11058,6,6,7,5,8,6,6,5,9,8,9,9,9,7,8,8,8,8,7,7,7,9,6,2,3,1,3,3,4,6,3,3,5,6,7,7,5,6,8,6,6,6,6,4,6,6,7,8,9,9,9,9,8,9,9,8,9,9,9,9,8,8,9,1,1,1,2,3,2,2,3,3,2,6,6,7,2,7,7
11062,9,5,5,5,5,5,6,7,8,8,8,6,8,5,7,5,7,7,7,8,5,4,5,1,5,3,6,5,5,5,4,2,4,7,5,6,2,5,7,9,6,7,1,9,9,1,9,6,8,9,7,9,4,9,3,9,5,7,9,1,9,1,6,1,1,7,1,9,1,3,2,3,4,7,7,*,1,9,9
11070,7,8,8,5,8,7,9,5,4,7,4,7,3,7,8,6,6,3,8,8,6,7,5,6,5,7,4,4,6,7,6,6,6,9,8,7,6,9,7,*,*,*,*,*,*,*,*,*,*,*,*,*,*,*,*,*,*,*,*,*,*,*,*,*,*,*,*,*,*,*,*,*,*,*,*,*,*,*,*
11074,6,7,6,4,8,8,8,9,9,8,6,7,9,8,8,4,5,5,7,2,8,6,6,5,3,5,3,5,5,3,9,8,8,9,9,8,8,9,7,*,*,*,*,*,*,*,*,*,*,*,*,*,*,*,*,*,*,*,*,*,*,*,*,*,*,*,*,*,*,*,*,*,*,*,*,*,*,*,*
11075,3,4,8,5,4,2,8,6,8,8,8,8,8,4,6,7,6,6,5,5,3,7,5,5,5,6,*,4,3,7,5,4,5,7,8,4,4,5,6,*,*,*,*,*,*,*,*,*,*,*,*,*,*,*,*,*,*,*,*,*,*,*,*,*,*,*,*,*,*,*,*,*,*,*,*,*,*,*,*
11080,6,7,7,5,2,7,9,3,6,9,8,7,6,6,5,6,5,2,6,6,7,2,7,5,3,3,2,3,6,3,5,2,5,7,7,6,5,8,6,5,4,6,5,3,4,6,5,8,7,6,7,5,5,7,5,7,5,5,5,6,5,5,6,5,5,5,5,4,5,5,5,5,6,6,7,5,6,7,7
11091,3,7,7,7,3,3,6,8,6,8,4,7,4,7,7,7,6,9,7,7,8,8,6,4,6,4,6,2,6,6,3,7,7,8,7,8,8,8,8,4,7,6,2,3,7,4,4,4,7,7,7,7,9,9,6,6,9,8,8,9,9,7,9,6,4,3,6,2,6,3,7,7,7,8,8,9,9,8,9
11094,7,7,8,5,6,7,6,5,8,7,8,8,9,8,9,8,7,3,6,6,8,7,5,2,4,2,7,4,6,4,5,5,7,8,9,8,7,9,9,7,8,*,8,6,6,4,8,8,8,6,8,9,9,9,9,6,7,7,7,6,7,4,7,3,4,3,6,6,6,6,3,8,9,8,9,8,7,9,8
11098,7,7,8,5,8,9,7,8,8,8,8,8,9,8,8,8,7,7,7,8,5,7,5,3,5,2,1,2,2,2,2,5,5,7,3,7,5,8,7,*,*,*,*,*,*,*,*,*,*,*,*,*,*,*,*,*,*,*,*,*,*,*,*,*,*,*,*,*,*,*,*,*,*,*,*,*,*,*,*
11100,7,4,7,4,6,6,6,9,8,8,8,8,7,7,7,7,4,4,4,6,4,7,4,6,3,6,6,3,4,6,6,3,6,9,9,7,4,9,7,*,*,*,*,*,*,*,*,*,*,*,*,*,*,*,*,*,*,*,*,*,*,*,*,*,*,*,*,*,*,*,*,*,*,*,*,*,*,*,*
11109,4,7,4,5,6,7,7,6,8,8,8,8,9,9,9,8,7,2,6,6,9,2,7,8,6,8,9,3,6,9,9,9,9,8,8,8,9,9,9,7,4,7,6,5,6,7,9,8,8,8,9,9,9,9,8,7,7,8,8,7,6,8,7,2,6,2,4,2,2,6,3,7,8,8,8,9,6,9,9
11111,3,7,8,7,4,4,6,4,9,8,9,9,9,8,9,9,8,8,7,7,8,7,6,2,3,2,4,3,5,6,2,6,7,7,7,7,5,7,7,*,*,*,*,*,*,*,*,*,*,*,*,*,*,*,*,*,*,*,*,*,*,*,*,*,*,*,*,*,*,*,*,*,*,*,*,*,*,*,*
11112,4,5,8,5,6,3,7,3,9,*,9,9,9,8,5,9,9,6,9,8,7,9,5,1,5,7,6,3,6,5,5,5,5,9,7,3,5,9,5,4,7,7,8,4,4,7,5,8,9,6,8,9,9,9,1,8,6,7,6,8,8,4,3,3,4,4,5,7,6,8,9,5,8,9,7,6,8,9,9
11117,4,4,5,5,4,6,3,6,7,6,7,7,8,8,8,7,7,3,6,6,7,6,4,4,6,4,7,6,7,6,4,6,7,8,7,7,7,7,8,4,6,6,6,4,4,6,4,7,6,6,7,4,6,*,6,6,6,6,6,7,6,6,6,4,6,3,3,4,6,4,6,6,7,7,6,7,7,6,7
11128,4,6,4,4,2,4,4,2,9,8,4,9,9,9,9,9,3,2,6,6,9,4,5,5,4,5,9,1,7,8,5,9,9,9,9,6,9,9,9,*,*,*,*,*,*,*,*,*,*,*,*,*,*,*,*,*,*,*,*,*,*,*,*,*,*,*,*,*,*,*,*,*,*,*,*,*,*,*,*
11129,4,4,7,5,2,1,8,5,4,7,6,9,4,9,9,6,7,7,7,3,4,7,5,4,5,7,8,2,8,6,4,7,3,4,4,7,3,6,6,*,*,*,*,*,*,*,*,*,*,*,*,*,*,*,*,*,*,*,*,*,*,*,*,*,*,*,*,*,*,*,*,*,*,*,*,*,*,*,*
11155,3,6,7,5,4,4,9,9,4,8,6,8,6,8,8,7,4,6,6,7,8,7,5,7,5,6,9,4,7,6,7,6,7,9,4,6,4,9,6,5,6,7,6,2,4,9,7,8,7,4,9,5,8,*,7,6,9,9,8,9,7,5,9,4,1,4,5,1,3,2,1,2,8,9,8,7,6,9,9
11162,4,6,6,6,4,6,7,8,9,9,9,8,9,9,9,9,8,7,7,8,4,7,4,1,3,2,7,7,6,6,1,3,6,7,7,8,3,6,9,6,4,7,6,6,6,7,9,7,9,4,8,8,8,9,8,8,6,7,9,8,8,6,8,2,4,2,4,4,8,5,2,6,7,8,7,8,8,9,9
11171,3,4,7,5,6,3,7,6,9,7,7,8,8,8,9,8,8,7,8,8,7,9,7,6,6,6,7,4,6,6,6,4,6,6,6,8,6,4,9,*,*,*,*,*,*,*,*,*,*,*,*,*,*,*,*,*,*,*,*,*,*,*,*,*,*,*,*,*,*,*,*,*,*,*,*,*,*,*,*
11178,7,7,8,5,5,6,8,7,8,8,7,8,7,8,8,7,7,9,6,6,6,8,4,7,8,8,3,6,4,9,7,6,6,6,7,6,3,8,7,7,7,8,7,7,6,9,6,9,8,5,7,8,8,7,7,6,8,6,6,6,7,6,7,7,6,5,6,4,4,6,6,6,6,7,7,6,3,7,7
11186,9,2,6,2,5,4,7,5,8,7,8,7,5,7,5,5,8,5,6,7,7,4,6,5,2,5,5,4,4,5,5,6,6,5,5,7,6,4,5,*,*,*,*,*,*,*,*,*,*,*,*,*,*,*,*,*,*,*,*,*,*,*,*,*,*,*,*,*,*,*,*,*,*,*,*,*,*,*,*
11192,4,9,6,6,5,3,8,4,4,4,2,6,3,8,9,6,9,9,8,8,8,8,9,2,3,2,7,6,7,7,2,9,8,9,9,9,7,9,9,*,*,*,*,*,*,*,*,*,*,*,*,*,*,*,*,*,*,*,*,*,*,*,*,*,*,*,*,*,*,*,*,*,*,*,*,*,*,*,*
11198,6,3,4,2,3,3,6,2,2,6,4,6,4,6,6,4,4,4,4,3,6,4,8,1,6,1,6,4,2,6,1,6,5,6,7,6,3,4,4,6,4,3,4,3,4,5,4,8,6,6,6,6,6,6,6,8,4,3,4,6,4,4,5,5,6,6,6,3,5,6,6,4,5,8,8,4,6,6,4
11201,4,4,6,5,4,4,4,5,7,6,7,7,8,6,6,7,4,7,6,7,6,8,6,5,3,6,6,4,4,6,5,6,6,6,6,6,6,6,6,*,*,*,*,*,*,*,*,*,*,*,*,*,*,*,*,*,*,*,*,*,*,*,*,*,*,*,*,*,*,*,*,*,*,*,*,*,*,*,*
11202,9,7,8,6,4,9,9,4,7,8,6,9,7,8,1,*,8,3,7,6,9,7,4,5,5,4,2,4,4,6,2,5,9,9,4,9,7,8,8,*,*,*,*,*,*,*,*,*,*,*,*,*,*,*,*,*,*,*,*,*,*,*,*,*,*,*,*,*,*,*,*,*,*,*,*,*,*,*,*
11208,3,6,7,5,3,3,7,5,9,8,9,8,8,7,8,2,8,9,7,7,7,8,5,3,5,6,6,3,3,3,7,2,6,7,4,6,2,8,3,*,*,*,*,*,*,*,*,*,*,*,*,*,*,*,*,*,*,*,*,*,*,*,*,*,*,*,*,*,*,*,*,*,*,*,*,*,*,*,*
11209,8,8,6,7,7,9,7,8,4,7,6,8,6,7,7,6,7,6,7,8,9,7,7,4,4,3,6,1,6,3,2,8,8,9,9,9,7,9,9,9,8,8,9,8,9,9,8,8,8,7,8,8,8,9,8,9,7,8,9,8,8,8,8,3,2,2,2,2,1,3,3,8,9,9,8,9,8,9,9
11211,6,7,8,2,2,2,2,2,8,8,7,8,8,7,8,6,4,4,6,7,5,5,4,6,5,4,7,3,2,3,7,7,7,7,8,7,7,7,8,*,*,*,*,*,*,*,*,*,*,*,*,*,*,*,*,*,*,*,*,*,*,*,*,*,*,*,*,*,*,*,*,*,*,*,*,*,*,*,*
11215,4,7,6,5,4,4,6,5,*,8,7,8,7,7,7,7,7,8,6,8,7,4,8,4,5,8,6,3,3,6,5,3,5,3,4,6,3,4,5,7,7,8,7,6,7,6,8,9,9,9,8,9,9,9,9,8,4,7,9,8,8,8,7,2,2,6,3,3,1,5,3,6,8,7,8,7,8,9,8
11216,6,9,9,9,9,4,9,9,8,9,8,9,9,7,9,9,8,4,8,9,8,4,5,6,2,6,6,1,5,6,4,8,9,9,9,8,6,9,9,*,*,*,*,*,*,*,*,*,*,*,*,*,*,*,*,*,*,*,*,*,*,*,*,*,*,*,*,*,*,*,*,*,*,*,*,*,*,*,*
11224,5,5,8,5,4,4,8,8,9,8,9,8,9,8,8,7,9,4,8,8,8,4,5,2,5,1,6,2,2,8,2,4,8,8,8,9,8,9,8,*,*,*,*,*,*,*,*,*,*,*,*,*,*,*,*,*,*,*,*,*,*,*,*,*,*,*,*,*,*,*,*,*,*,*,*,*,*,*,*
11231,3,4,2,5,4,2,6,2,3,4,3,7,5,9,9,7,7,9,5,5,8,9,5,7,5,7,9,3,5,9,8,9,3,1,6,3,5,2,7,*,*,*,*,*,*,*,*,*,*,*,*,*,*,*,*,*,*,*,*,*,*,*,*,*,*,*,*,*,*,*,*,*,*,*,*,*,*,*,*
11232,8,8,8,5,4,9,6,5,8,7,6,7,9,7,9,8,8,6,8,2,7,*,5,4,5,7,3,4,6,8,6,9,9,8,9,6,9,9,9,9,8,7,5,7,8,6,5,4,6,4,4,4,4,4,4,7,8,9,9,8,9,5,8,2,1,1,6,4,6,6,2,6,7,6,6,9,8,8,8
11234,5,7,7,5,2,7,6,4,6,7,4,6,7,7,6,7,8,8,7,6,6,8,5,1,5,1,2,3,8,2,1,7,6,6,7,6,4,8,6,6,7,7,7,3,6,6,6,3,8,3,6,4,7,6,6,9,8,8,8,8,8,6,8,1,6,2,2,3,6,3,1,7,7,6,6,7,4,7,8
11236,5,5,7,5,7,6,7,4,9,7,8,7,7,7,7,8,7,4,6,6,7,4,6,5,5,7,6,4,7,5,5,4,7,7,8,5,4,7,5,*,*,*,*,*,*,*,*,*,*,*,*,*,*,*,*,*,*,*,*,*,*,*,*,*,*,*,*,*,*,*,*,*,*,*,*,*,*,*,*
11240,9,4,7,5,4,9,6,5,8,6,6,8,7,5,6,*,9,6,4,6,5,8,5,6,2,2,7,4,6,3,9,1,7,7,7,5,3,9,9,9,8,8,5,4,9,7,5,9,8,9,7,9,5,5,7,9,8,8,9,7,9,5,7,3,5,2,4,6,3,6,8,6,8,8,8,6,7,2,*
11250,4,7,5,2,1,2,4,2,4,2,5,7,4,8,6,6,2,4,2,7,4,6,2,8,9,9,9,6,9,9,8,9,8,9,9,9,8,8,9,7,9,6,5,4,4,7,2,4,7,4,6,4,7,6,4,4,8,7,9,8,8,8,8,6,5,6,4,4,4,6,6,8,8,8,8,8,9,9,9
11254,5,6,7,3,3,3,4,3,7,9,8,8,8,6,9,7,7,6,4,4,8,4,9,7,9,6,6,8,6,6,5,8,7,7,8,8,9,7,8,4,4,6,1,3,4,3,4,6,8,7,*,8,7,8,8,8,8,7,8,9,8,7,7,4,7,8,4,6,4,4,7,7,8,8,6,8,6,7,9
11257,8,7,7,7,7,8,8,7,7,8,8,8,9,8,8,8,7,7,7,7,8,8,7,2,3,3,4,8,2,3,5,7,8,8,8,8,5,8,8,7,4,7,6,6,5,7,7,8,8,6,8,9,8,9,8,8,4,8,8,8,7,8,6,8,6,7,6,6,3,5,7,7,8,8,8,8,6,8,9
11261,8,7,5,7,8,7,7,7,8,6,8,7,4,7,9,7,6,4,6,4,6,3,5,8,6,8,8,4,7,6,9,9,8,8,8,8,8,8,9,4,8,7,7,7,4,8,6,8,7,3,7,6,8,8,6,3,7,6,4,6,3,8,7,7,8,7,9,4,7,7,7,8,5,6,8,7,7,7,8
11264,4,4,7,4,4,1,7,5,3,8,4,7,6,8,7,7,7,5,7,7,7,8,4,4,6,5,7,3,7,8,7,2,7,9,9,7,4,9,7,4,4,4,*,4,4,4,6,5,7,4,5,5,6,6,5,7,6,7,7,6,4,6,6,6,6,5,5,6,6,6,6,7,7,9,8,5,6,7,6
11267,7,3,8,5,7,2,7,4,5,7,4,5,6,9,6,5,5,6,4,5,7,1,5,5,5,4,5,7,6,8,5,5,5,7,8,7,5,6,5,*,*,*,*,*,*,*,*,*,*,*,*,*,*,*,*,*,*,*,*,*,*,*,*,*,*,*,*,*,*,*,*,*,*,*,*,*,*,*,*
11269,5,6,4,5,4,4,7,5,5,7,5,6,9,5,5,5,1,1,5,5,6,3,5,5,5,1,1,1,5,4,5,5,5,8,8,3,5,7,5,6,6,6,5,4,4,5,5,5,7,5,6,5,6,5,5,4,5,6,5,6,5,5,5,5,5,5,6,4,5,5,5,5,5,8,5,6,6,6,5
11279,3,8,8,5,6,4,8,5,3,7,4,7,4,7,4,7,8,9,8,7,8,8,7,7,5,4,7,3,6,6,6,6,8,9,8,8,6,8,8,4,6,8,6,4,4,6,8,7,8,5,7,7,6,7,7,8,8,9,8,7,8,6,8,2,2,2,3,3,3,3,5,8,8,8,7,8,6,8,8
11280,8,8,7,4,9,9,8,8,7,8,4,8,4,9,9,8,4,6,6,6,7,6,6,4,4,4,4,2,4,7,4,6,7,8,8,7,4,8,7,*,*,*,*,*,*,*,*,*,*,*,*,*,*,*,*,*,*,*,*,*,*,*,*,*,*,*,*,*,*,*,*,*,*,*,*,*,*,*,*
11294,4,5,5,5,4,4,6,6,7,8,4,8,8,8,2,5,7,6,5,5,6,7,5,1,5,1,5,1,4,5,1,5,7,9,7,5,5,9,5,9,1,9,1,9,9,1,9,9,9,9,9,9,9,9,9,9,9,9,9,9,9,9,9,1,1,1,1,1,1,1,1,1,9,9,1,9,1,9,9
11296,5,2,8,5,8,6,8,5,9,8,8,8,8,5,5,7,8,8,7,7,7,9,5,2,5,4,2,3,2,6,2,5,5,6,6,7,5,6,8,8,5,8,8,8,7,8,5,9,8,9,8,8,6,8,7,8,7,7,9,7,7,5,7,3,5,2,4,3,4,5,3,5,7,7,8,7,7,7,8
11299,5,1,6,5,6,8,6,9,9,5,9,9,*,6,8,5,6,5,5,6,5,6,5,5,3,2,5,5,3,5,7,7,6,6,7,5,2,7,5,2,4,6,5,3,3,4,7,9,7,8,7,7,8,7,7,7,6,6,6,7,4,5,7,2,5,6,6,3,4,7,4,5,5,4,7,7,6,3,7
11302,9,8,6,5,9,6,9,4,3,6,6,4,7,6,9,2,6,6,6,7,9,1,4,1,5,5,5,1,6,6,5,6,7,6,7,*,5,9,7,*,*,*,*,*,*,*,*,*,*,*,*,*,*,*,*,*,*,*,*,*,*,*,*,*,*,*,*,*,*,*,*,*,*,*,*,*,*,*,*
11308,4,6,7,5,3,2,2,5,5,8,6,8,8,6,6,4,3,7,5,5,7,7,5,5,4,6,4,1,5,4,5,4,7,9,6,6,5,9,8,5,2,6,1,1,1,1,6,7,8,7,8,6,7,7,6,4,3,7,6,8,6,4,4,6,6,5,4,4,5,6,6,7,8,8,7,6,6,8,7
11309,8,8,7,5,5,6,3,5,8,8,8,8,9,6,9,5,8,8,8,8,5,7,5,2,4,2,1,3,5,1,1,5,7,8,8,8,7,9,9,5,4,*,5,5,5,5,6,5,4,6,4,5,3,5,6,5,6,5,5,5,6,4,4,4,5,5,4,6,*,4,6,4,4,5,5,5,4,5,*
11312,6,7,7,5,7,8,6,7,9,7,8,8,8,8,9,7,7,8,7,8,5,8,5,3,5,4,4,3,3,3,7,5,7,7,7,8,6,7,8,6,2,8,7,3,4,3,8,8,7,8,8,9,8,9,8,8,4,8,8,7,7,8,7,1,2,1,2,3,2,2,2,6,7,7,8,8,7,8,8
11317,9,6,6,5,9,9,9,9,9,7,6,8,9,6,9,*,8,9,2,9,3,9,5,2,*,4,7,3,6,6,9,4,6,7,7,6,3,9,9,6,6,6,6,6,4,6,7,6,7,6,6,4,6,6,6,7,7,6,7,6,6,5,7,6,5,5,6,4,6,6,6,6,6,6,6,5,4,6,6
11319,5,5,6,5,3,4,6,9,8,6,9,9,8,6,9,6,9,9,5,5,5,9,5,5,5,5,4,1,2,2,8,7,9,8,5,7,5,9,5,*,*,*,*,*,*,*,*,*,*,*,*,*,*,*,*,*,*,*,*,*,*,*,*,*,*,*,*,*,*,*,*,*,*,*,*,*,*,*,*
11332,6,2,4,7,3,3,6,2,3,9,3,9,3,*,6,8,5,9,5,3,9,3,5,9,5,7,9,1,5,7,6,2,7,9,9,6,6,9,6,*,*,*,*,*,*,*,*,*,*,*,*,*,*,*,*,*,*,*,*,*,*,*,*,*,*,*,*,*,*,*,*,*,*,*,*,*,*,*,*
11345,5,5,5,5,1,1,2,5,4,3,5,7,6,7,6,8,6,7,3,6,5,5,4,8,5,6,7,3,4,7,6,6,4,5,3,5,5,4,*,*,*,*,*,*,*,*,*,*,*,*,*,*,*,*,*,*,*,*,*,*,*,*,*,*,*,*,*,*,*,*,*,*,*,*,*,*,*,*,*
11351,6,5,3,5,2,4,9,7,4,6,6,9,8,5,5,8,8,8,4,3,8,5,5,2,1,6,6,3,6,6,*,8,8,7,4,8,2,3,8,8,8,6,7,2,8,8,4,8,9,3,8,8,8,8,8,8,7,6,4,8,8,7,6,3,6,3,2,3,2,7,3,8,8,7,7,7,8,8,7
11359,4,3,7,2,2,3,2,7,7,9,4,8,9,7,9,7,2,3,7,7,7,4,6,2,2,1,8,2,2,2,2,8,8,9,8,8,9,9,9,*,*,*,*,*,*,*,*,*,*,*,*,*,*,*,*,*,*,*,*,*,*,*,*,*,*,*,*,*,*,*,*,*,*,*,*,*,*,*,*
11360,3,1,8,5,1,1,9,3,5,5,4,6,8,8,6,7,3,2,5,5,4,5,5,7,5,8,7,2,8,7,7,6,6,2,4,6,5,2,6,*,*,*,*,*,*,*,*,*,*,*,*,*,*,*,*,*,*,*,*,*,*,*,*,*,*,*,*,*,*,*,*,*,*,*,*,*,*,*,*
11370,5,7,8,5,8,7,6,4,7,*,8,9,3,7,7,8,3,3,6,6,6,4,5,6,5,6,6,3,2,2,7,8,3,9,8,8,4,9,8,4,7,8,8,9,8,7,8,9,8,2,*,8,8,8,6,6,5,6,3,2,7,7,7,2,4,7,1,3,1,6,8,*,8,8,2,2,7,8,8
11371,6,8,8,6,4,4,7,8,8,8,7,8,7,7,8,5,3,2,8,8,5,4,4,2,2,4,5,3,4,4,3,6,6,6,7,8,4,6,8,*,*,*,*,*,*,*,*,*,*,*,*,*,*,*,*,*,*,*,*,*,*,*,*,*,*,*,*,*,*,*,*,*,*,*,*,*,*,*,*
11379,9,6,6,*,8,4,4,9,9,6,3,8,4,8,9,7,3,2,2,2,7,4,4,2,1,1,4,1,3,2,2,6,9,6,9,9,9,7,9,3,6,4,1,3,1,2,3,6,6,4,7,8,7,8,4,6,6,6,7,4,3,7,6,1,3,2,3,3,2,3,2,8,7,2,7,8,7,4,8
11382,8,6,7,6,8,6,8,8,9,8,9,8,8,8,8,7,7,4,7,7,3,6,2,2,5,2,6,3,5,5,3,7,7,9,8,7,5,9,7,*,*,*,*,*,*,*,*,*,*,*,*,*,*,*,*,*,*,*,*,*,*,*,*,*,*,*,*,*,*,*,*,*,*,*,*,*,*,*,*
11387,4,6,6,6,3,4,6,6,8,6,7,6,7,6,6,7,4,3,6,6,7,6,6,6,2,6,2,1,4,2,6,4,4,7,4,4,2,8,4,8,6,3,2,3,7,4,4,6,6,7,6,4,4,6,4,7,4,6,7,6,6,2,4,3,3,3,7,4,6,3,4,6,7,7,6,6,7,7,7
11398,6,3,7,4,1,1,2,8,9,8,7,7,7,7,3,5,7,4,6,6,5,6,5,5,5,2,7,3,5,6,5,5,5,8,8,5,5,9,6,*,*,*,*,*,*,*,*,*,*,*,*,*,*,*,*,*,*,*,*,*,*,*,*,*,*,*,*,*,*,*,*,*,*,*,*,*,*,*,*
11401,9,9,9,5,9,9,7,5,9,9,8,9,8,9,9,7,9,6,8,8,7,6,*,2,5,2,3,6,1,2,9,7,9,7,6,8,9,9,9,9,7,2,2,7,8,7,8,9,7,4,7,8,7,8,7,9,4,6,8,6,8,6,4,2,2,2,6,6,4,4,3,7,6,7,7,7,7,6,8
11407,3,8,7,6,6,4,8,8,4,9,9,8,9,7,9,9,9,9,8,8,8,9,4,2,3,1,6,2,2,4,5,8,8,9,8,8,7,9,9,*,*,*,*,*,*,*,*,*,*,*,*,*,*,*,*,*,*,*,*,*,*,*,*,*,*,*,*,*,*,*,*,*,*,*,*,*,*,*,*
11408,4,4,4,5,1,1,2,5,7,8,7,8,7,2,7,7,6,3,7,4,7,4,7,5,4,2,6,4,3,3,4,6,4,4,6,6,4,3,7,*,*,*,*,*,*,*,*,*,*,*,*,*,*,*,*,*,*,*,*,*,*,*,*,*,*,*,*,*,*,*,*,*,*,*,*,*,*,*,*
11414,7,6,7,7,4,4,6,9,8,7,8,7,6,7,8,7,3,3,4,3,8,6,6,3,6,6,4,2,3,2,6,2,6,7,7,7,4,8,8,4,7,7,6,6,4,6,6,7,*,6,7,7,7,7,7,6,4,7,4,7,7,6,6,4,4,3,6,3,6,4,3,7,7,8,7,7,6,7,7
11416,8,6,5,5,5,7,5,4,4,5,7,5,8,6,7,3,5,4,7,6,7,6,4,7,9,5,6,8,5,6,5,9,8,7,6,8,7,6,8,*,*,*,*,*,*,*,*,*,*,*,*,*,*,*,*,*,*,*,*,*,*,*,*,*,*,*,*,*,*,*,*,*,*,*,*,*,*,*,*
11422,4,7,6,5,4,3,3,4,8,6,6,7,8,8,8,8,3,7,4,7,6,8,7,6,6,7,4,6,2,3,8,4,6,6,6,6,3,8,8,4,6,7,3,4,4,4,6,6,7,6,7,8,6,7,7,3,6,6,6,8,7,6,7,6,6,6,6,3,6,4,7,7,7,7,7,6,4,7,7
11440,5,6,7,6,3,6,7,5,7,8,6,8,8,8,8,6,4,3,8,7,7,6,5,7,5,8,8,3,6,7,8,6,7,8,8,8,7,8,8,7,6,8,6,6,6,6,9,8,6,7,7,7,7,8,7,8,9,8,8,7,8,6,8,6,4,3,6,4,3,4,4,6,6,7,7,6,3,8,6
11443,4,3,4,3,3,5,4,3,9,8,9,9,9,6,7,8,8,6,9,9,8,8,6,2,4,1,7,4,2,6,2,4,7,6,6,7,7,6,7,5,6,5,4,4,4,6,4,4,7,7,8,7,7,4,7,4,7,7,6,7,8,6,7,3,4,3,6,4,7,6,4,8,8,7,7,7,8,6,6
11445,4,7,7,4,6,7,6,5,7,8,8,8,8,4,7,7,6,6,7,7,4,7,2,7,2,3,4,3,5,5,7,6,3,7,6,3,4,7,7,8,6,7,2,7,8,6,8,8,7,8,7,8,2,8,2,8,7,7,8,7,8,6,6,2,2,2,2,3,2,2,8,3,3,7,2,7,7,8,8
11448,4,4,6,3,3,2,4,4,4,3,4,7,3,7,6,6,4,3,4,3,6,3,6,6,5,6,6,3,6,6,6,4,3,6,7,7,4,6,6,*,*,*,*,*,*,*,*,*,*,*,*,*,*,*,*,*,*,*,*,*,*,*,*,*,*,*,*,*,*,*,*,*,*,*,*,*,*,*,*
11458,8,8,8,5,7,8,9,5,8,8,9,9,8,8,8,9,3,8,5,5,8,6,5,5,5,3,6,2,3,5,8,8,6,8,7,8,7,9,8,*,*,*,*,*,*,*,*,*,*,*,*,*,*,*,*,*,*,*,*,*,*,*,*,*,*,*,*,*,*,*,*,*,*,*,*,*,*,*,*
11464,8,3,7,8,4,6,6,9,9,9,9,9,9,9,9,9,7,7,7,9,8,9,3,1,1,2,7,6,3,2,4,*,5,7,4,8,7,9,9,9,7,8,8,7,6,6,9,9,8,9,9,9,7,9,8,7,7,7,7,6,8,6,7,2,1,1,6,4,5,6,9,6,7,9,8,7,6,9,9
11466,4,7,7,2,4,6,8,8,8,8,6,8,7,7,8,8,7,3,7,7,8,4,6,3,3,3,3,4,4,2,3,6,7,7,7,8,6,8,8,*,*,*,*,*,*,*,*,*,*,*,*,*,*,*,*,*,*,*,*,*,*,*,*,*,*,*,*,*,*,*,*,*,*,*,*,*,*,*,*
11472,3,4,7,7,4,4,7,5,9,9,9,9,9,8,9,9,7,1,5,5,3,4,7,9,9,6,8,9,6,5,9,8,5,9,9,1,1,9,1,8,6,4,5,2,7,4,4,4,9,4,8,8,7,9,8,2,1,2,3,4,3,3,1,6,6,3,7,4,7,7,6,7,4,9,9,6,3,9,4
11473,8,5,8,5,8,8,7,7,7,7,8,7,7,7,7,7,4,1,3,3,6,2,5,3,5,3,2,3,2,3,2,8,7,8,8,7,6,8,8,*,*,*,*,*,*,*,*,*,*,*,*,*,*,*,*,*,*,*,*,*,*,*,*,*,*,*,*,*,*,*,*,*,*,*,*,*,*,*,*
11479,9,2,4,4,2,2,3,5,4,7,5,7,7,8,8,7,5,6,3,5,8,5,7,1,1,2,5,5,5,2,8,7,5,3,2,3,2,4,5,*,*,*,*,*,*,*,*,*,*,*,*,*,*,*,*,*,*,*,*,*,*,*,*,*,*,*,*,*,*,*,*,*,*,*,*,*,*,*,*
11489,6,2,2,5,4,3,4,2,5,6,9,6,8,6,9,1,7,4,3,4,6,3,6,3,5,6,1,7,2,1,9,7,6,6,6,6,6,9,9,4,7,2,4,2,4,9,3,6,4,3,4,3,6,7,4,3,1,4,1,6,2,8,2,8,8,7,8,9,9,9,9,4,2,2,4,6,6,3,7
11491,8,8,7,9,8,8,9,9,8,8,3,7,8,7,8,8,8,8,8,8,7,8,8,3,2,3,6,4,7,6,4,7,7,7,7,8,7,8,8,8,8,7,8,8,8,9,9,8,8,8,8,8,8,8,9,8,9,8,8,7,8,9,9,7,3,6,3,2,2,1,7,7,9,8,8,8,7,9,8
11505,3,1,7,5,4,4,6,5,6,5,5,9,6,7,5,8,2,7,5,5,6,6,5,5,4,8,6,3,5,6,5,6,5,7,6,6,5,6,4,*,*,*,*,*,*,*,*,*,*,*,*,*,*,*,*,*,*,*,*,*,*,*,*,*,*,*,*,*,*,*,*,*,*,*,*,*,*,*,*
11513,6,7,7,5,6,6,6,5,9,9,9,9,8,6,6,9,4,9,7,8,7,8,5,6,5,4,2,2,2,3,7,4,7,9,6,7,3,9,7,9,8,7,8,6,8,8,8,9,8,9,9,9,6,6,8,6,8,8,8,9,9,7,9,6,1,4,2,2,2,2,4,4,4,8,8,6,6,8,6
11519,4,4,7,4,2,2,6,2,6,8,6,8,4,7,4,7,6,2,8,7,8,8,8,9,6,9,7,3,6,7,8,7,8,9,9,8,8,9,8,7,4,7,4,4,7,3,6,8,8,7,8,8,6,6,7,8,6,8,8,8,8,6,6,3,6,3,8,3,4,6,4,8,8,9,8,4,4,8,4
11528,6,7,7,3,8,4,8,4,9,9,7,8,6,9,8,8,3,1,3,6,9,1,6,3,5,3,9,2,9,7,6,4,9,9,9,8,9,9,8,8,8,6,2,2,7,7,8,9,9,7,9,7,9,9,9,3,2,6,3,8,7,9,2,7,5,7,9,2,8,8,8,7,9,7,9,7,7,2,8
11532,3,7,7,8,7,9,9,5,8,9,8,8,8,9,9,8,4,9,7,7,8,7,6,6,2,3,7,8,4,2,6,8,8,9,8,8,7,9,8,2,8,9,8,*,8,8,7,9,8,6,9,9,9,9,8,8,9,9,9,8,9,8,8,6,6,2,3,7,6,3,4,8,1,8,8,8,8,9,9
11538,4,2,6,3,4,6,8,7,7,3,7,8,7,3,7,3,7,7,3,7,5,6,3,3,3,2,8,3,3,6,7,3,3,6,6,3,3,7,7,6,6,7,4,4,7,6,7,8,6,7,3,7,6,7,6,8,7,7,7,6,7,3,7,5,3,3,3,4,3,6,7,2,5,6,3,3,4,5,7
11550,5,6,6,4,6,1,4,2,9,9,8,7,9,6,6,6,1,1,6,6,6,2,4,5,4,8,4,4,4,3,8,2,6,7,7,7,6,7,8,*,*,*,*,*,*,*,*,*,*,*,*,*,*,*,*,*,*,*,*,*,*,*,*,*,*,*,*,*,*,*,*,*,*,*,*,*,*,*,*
11562,3,7,8,6,4,4,6,5,8,8,8,8,8,7,7,8,7,8,6,7,6,8,6,4,3,4,2,3,2,4,4,5,5,8,7,6,3,7,6,*,*,*,*,*,*,*,*,*,*,*,*,*,*,*,*,*,*,*,*,*,*,*,*,*,*,*,*,*,*,*,*,*,*,*,*,*,*,*,*
11564,6,7,7,5,8,7,7,9,5,8,7,8,8,7,8,8,8,4,7,6,6,7,6,6,4,6,4,2,4,3,8,4,7,8,9,6,4,9,8,*,*,*,*,*,*,*,*,*,*,*,*,*,*,*,*,*,*,*,*,*,*,*,*,*,*,*,*,*,*,*,*,*,*,*,*,*,*,*,*
11567,6,5,6,5,7,6,8,1,2,3,2,6,2,7,7,2,2,1,8,8,1,2,1,6,4,6,9,7,9,8,6,9,9,9,9,9,9,9,9,4,4,6,3,4,4,6,3,5,7,6,7,7,7,8,3,*,*,6,6,2,3,2,2,2,5,3,6,6,4,4,3,8,9,7,8,*,8,8,9
11572,7,7,7,7,4,6,6,6,8,8,4,8,8,7,7,8,8,7,7,6,7,8,6,6,6,6,6,4,4,6,6,6,6,8,7,6,6,8,6,7,6,6,7,4,6,7,8,8,7,8,8,8,7,8,7,9,7,7,8,6,7,6,6,6,6,6,4,4,3,6,6,6,6,8,7,6,4,8,6
11575,3,6,8,4,4,2,5,7,8,8,9,8,8,9,9,4,3,2,3,2,4,2,2,6,7,6,8,4,8,8,8,9,9,8,9,7,8,9,8,4,6,6,8,3,4,6,2,4,9,4,8,4,9,6,6,3,4,6,4,8,4,6,6,8,8,8,6,6,6,4,4,7,8,7,6,6,7,4,4
11584,7,7,8,8,5,5,8,8,9,8,9,8,9,8,8,8,9,3,8,8,6,4,8,2,2,1,3,3,5,2,5,5,5,7,7,8,5,7,7,4,7,6,7,7,5,5,5,7,7,5,7,8,7,7,7,7,3,7,7,7,4,5,6,5,5,4,7,3,7,5,4,6,6,7,6,7,7,6,7
12006,*,7,3,5,2,4,6,4,1,9,4,8,4,9,9,9,3,7,7,6,7,4,5,1,5,6,9,1,6,9,1,9,7,8,7,8,6,9,9,*,*,*,*,*,*,*,*,*,*,*,*,*,*,*,*,*,*,*,*,*,*,*,*,*,*,*,*,*,*,*,*,*,*,*,*,*,*,*,*
12024,4,6,8,8,4,4,5,5,2,8,8,9,8,8,9,9,8,8,6,6,4,8,6,6,5,6,7,2,6,6,7,5,8,8,8,6,8,8,7,8,7,7,4,4,8,6,8,9,8,9,8,8,8,8,8,9,6,7,7,6,8,7,8,2,2,1,*,3,3,3,2,8,8,7,7,6,7,8,8
12031,3,4,8,5,3,2,6,4,8,8,9,8,9,8,9,7,8,9,9,9,5,9,5,2,6,2,6,4,5,3,2,6,7,8,8,7,6,8,7,4,4,6,3,3,3,4,5,8,8,8,8,9,8,8,7,8,9,8,8,7,9,*,9,4,7,3,7,7,5,6,4,6,6,7,7,6,6,7,8
12037,8,8,9,5,9,9,8,8,9,8,8,8,9,8,8,9,4,6,7,8,7,9,5,1,5,1,6,3,2,2,2,6,7,7,8,7,3,6,8,9,8,8,*,8,8,8,9,8,8,8,8,8,7,8,8,8,8,8,8,7,7,7,8,8,2,3,3,1,3,7,8,6,8,8,9,8,7,9,8
12048,8,7,6,7,1,2,7,8,6,6,6,7,2,4,4,6,9,9,7,9,8,7,7,1,3,1,4,3,3,3,1,8,7,9,8,9,6,9,9,8,7,8,4,7,4,7,4,8,7,7,7,4,6,7,7,8,7,7,7,7,7,6,7,4,6,4,7,3,3,5,3,8,8,8,8,8,8,8,9
12059,2,7,7,5,3,2,7,3,3,8,7,7,8,6,6,6,9,2,8,8,7,9,6,6,3,3,7,3,6,2,3,9,5,8,8,6,1,8,6,8,8,7,6,8,8,6,4,3,8,3,8,9,7,7,7,9,4,7,7,7,8,7,4,2,2,2,6,6,6,2,8,7,7,7,7,7,7,7,8
12062,4,6,7,5,3,3,6,7,9,8,9,9,9,9,9,8,8,6,6,9,5,8,3,4,4,3,3,4,2,6,6,7,7,6,6,8,3,7,9,8,2,8,9,4,7,7,9,9,8,9,8,9,9,9,9,7,3,6,8,6,9,6,3,3,3,3,3,5,3,3,4,2,6,4,6,8,3,4,8
12070,9,7,7,5,8,8,8,5,9,8,8,7,8,7,5,7,8,6,6,8,7,5,5,3,5,3,5,4,5,4,5,7,5,8,7,7,8,8,8,9,8,8,9,8,9,9,9,9,9,6,8,9,7,8,8,9,8,8,9,8,9,8,9,1,1,1,3,2,4,4,1,2,7,8,9,8,9,9,9
12081,4,7,3,6,4,6,6,4,9,8,4,6,6,6,9,6,8,4,7,9,9,6,7,4,3,4,1,3,2,1,*,8,8,9,7,7,7,9,6,7,7,4,3,4,4,4,4,4,6,4,4,4,4,4,4,7,6,6,6,9,4,7,6,4,3,2,1,3,3,3,4,6,6,6,6,8,6,7,9
12082,6,9,9,5,4,9,8,9,8,8,9,7,7,7,8,8,4,4,7,8,7,7,8,2,2,2,1,2,7,4,8,6,6,9,8,8,6,8,8,*,*,*,*,*,*,*,*,*,*,*,*,*,*,*,*,*,*,*,*,*,*,*,*,*,*,*,*,*,*,*,*,*,*,*,*,*,*,*,*
12084,3,1,3,5,3,2,6,9,8,8,8,9,9,7,5,7,8,6,7,8,7,5,*,2,5,2,3,4,5,2,3,3,4,8,8,7,5,8,8,*,*,*,*,*,*,*,*,*,*,*,*,*,*,*,*,*,*,*,*,*,*,*,*,*,*,*,*,*,*,*,*,*,*,*,*,*,*,*,*
12086,5,2,8,3,1,1,9,4,2,8,5,8,6,8,8,8,7,6,7,7,6,2,4,3,5,8,6,2,9,9,8,2,8,8,9,4,2,8,7,*,*,*,*,*,*,*,*,*,*,*,*,*,*,*,*,*,*,*,*,*,*,*,*,*,*,*,*,*,*,*,*,*,*,*,*,*,*,*,*
12089,9,3,7,*,6,4,6,5,3,9,7,8,8,7,5,7,4,9,5,7,5,9,5,7,8,7,7,2,5,6,8,6,6,7,8,4,5,8,8,8,5,7,7,7,8,7,2,8,8,8,8,8,7,3,*,7,8,6,8,6,7,5,8,3,5,2,2,3,5,3,3,6,8,7,8,6,5,8,3
12094,7,6,5,3,3,7,6,5,9,9,9,9,8,8,8,9,8,8,8,9,5,8,5,1,1,2,1,1,5,1,2,5,8,9,9,8,5,9,8,*,*,*,*,*,*,*,*,*,*,*,*,*,*,*,*,*,*,*,*,*,*,*,*,*,*,*,*,*,*,*,*,*,*,*,*,*,*,*,*
12096,7,6,7,4,6,6,6,6,6,8,4,8,6,7,6,7,2,7,6,7,8,6,5,5,5,6,6,1,4,4,6,7,6,8,6,6,6,7,6,9,6,*,6,7,7,6,*,9,7,9,7,9,9,*,8,6,4,6,7,*,4,6,6,3,5,4,7,8,6,6,6,4,6,7,7,4,6,6,9
12098,6,7,9,5,4,3,8,4,4,7,4,6,4,7,8,7,4,4,7,6,6,9,5,5,5,2,7,3,5,2,5,6,7,7,6,5,6,8,5,9,6,7,1,9,9,5,9,9,7,9,6,9,7,9,5,9,9,7,9,1,9,4,7,4,1,1,4,3,2,4,9,6,1,9,6,4,5,9,9
12115,8,8,8,8,8,8,8,5,9,7,3,7,4,7,6,6,5,5,6,5,5,3,5,6,8,7,8,7,8,6,7,8,7,7,4,8,6,5,6,5,7,7,7,7,6,8,4,8,8,7,8,8,9,9,7,8,4,7,7,7,5,6,7,7,9,8,7,8,3,7,8,8,7,7,7,7,7,*,8
12121,4,6,8,5,6,5,8,7,8,8,7,7,7,8,7,7,7,7,6,7,9,4,8,7,3,3,7,6,6,7,7,9,9,7,7,9,9,7,7,*,*,*,*,*,*,*,*,*,*,*,*,*,*,*,*,*,*,*,*,*,*,*,*,*,*,*,*,*,*,*,*,*,*,*,*,*,*,*,*
12129,6,3,8,4,4,2,7,5,9,7,7,8,8,8,6,7,7,8,7,4,8,9,7,6,5,7,6,6,4,6,5,2,4,4,3,7,4,5,7,4,7,8,8,2,2,7,7,8,8,5,8,9,8,9,7,8,8,8,2,8,8,7,8,5,5,4,8,2,1,1,9,2,8,8,5,8,4,9,9
12133,6,7,7,5,7,4,7,7,6,8,6,6,7,7,7,7,3,2,6,3,4,7,3,6,4,4,6,6,6,4,5,8,8,8,7,7,7,7,7,6,6,6,4,7,4,6,6,7,6,6,6,7,6,6,6,4,4,6,6,6,6,7,6,4,4,4,4,4,4,4,4,6,6,7,6,6,6,6,6
12135,4,7,9,5,3,5,3,8,8,9,7,8,8,9,9,9,8,8,8,8,6,8,5,2,1,8,5,3,1,8,3,8,8,3,3,8,5,6,8,*,*,*,*,*,*,*,*,*,*,*,*,*,*,*,*,*,*,*,*,*,*,*,*,*,*,*,*,*,*,*,*,*,*,*,*,*,*,*,*
12153,3,2,6,5,2,3,3,4,8,8,8,7,4,7,8,8,4,2,4,5,7,3,6,6,2,6,7,6,6,5,7,8,7,7,7,7,7,7,7,6,6,6,6,4,4,6,6,6,8,4,8,4,8,8,7,4,4,8,6,6,4,6,6,6,6,6,6,4,6,6,6,7,8,8,8,8,7,6,8
12158,4,7,7,4,4,4,6,4,9,8,8,6,7,9,9,7,7,4,7,6,7,6,9,4,6,4,7,4,7,6,4,7,6,9,7,7,6,9,7,*,*,*,*,*,*,*,*,*,*,*,*,*,*,*,*,*,*,*,*,*,*,*,*,*,*,*,*,*,*,*,*,*,*,*,*,*,*,*,*
12205,3,4,8,5,6,4,4,5,8,8,9,8,9,8,8,8,9,3,3,6,8,3,6,3,4,3,3,9,6,2,2,8,7,4,8,7,3,3,7,*,*,*,*,*,*,*,*,*,*,*,*,*,*,*,*,*,*,*,*,*,*,*,*,*,*,*,*,*,*,*,*,*,*,*,*,*,*,*,*
12213,6,7,8,7,3,4,8,8,8,8,8,6,8,9,9,8,2,2,7,7,9,1,7,7,6,4,4,3,6,7,3,8,7,6,7,8,*,3,9,4,7,8,8,7,3,8,8,9,8,9,8,8,7,8,8,3,3,7,3,8,3,7,*,6,7,3,3,4,2,3,8,8,8,7,7,8,7,7,8
12222,3,7,8,7,4,2,8,3,4,8,7,8,9,9,9,7,4,1,7,6,7,9,6,4,8,2,9,4,7,9,3,9,9,9,9,9,9,9,9,7,8,6,7,7,7,7,7,7,8,6,7,7,7,8,7,8,4,6,6,7,6,5,5,2,2,2,6,2,4,2,2,7,7,8,8,7,7,8,8
12223,7,7,7,5,3,4,7,3,3,7,3,7,3,7,6,7,3,3,8,3,7,3,7,6,7,4,8,3,7,7,3,7,7,7,8,7,6,7,8,8,7,6,7,7,7,8,6,8,7,6,7,7,6,7,7,7,4,6,6,7,7,6,6,3,5,2,6,3,6,3,3,7,7,7,8,7,7,8,7
12224,4,6,6,1,4,4,8,9,9,8,9,8,9,8,9,9,9,4,7,8,9,8,5,2,1,1,4,3,2,1,1,5,5,7,8,6,6,6,7,4,6,7,7,3,3,9,9,8,8,3,8,8,8,9,7,8,2,8,4,8,6,8,6,6,8,6,6,3,6,6,6,8,8,8,8,8,8,9,9
12227,5,8,6,8,6,3,9,9,8,9,8,9,9,9,9,9,7,3,7,7,7,4,7,2,6,2,6,7,7,4,3,8,7,9,9,9,8,9,9,4,7,8,9,8,9,9,9,9,8,8,9,5,9,9,9,7,2,7,7,9,5,7,6,2,6,1,4,3,6,6,1,6,7,8,8,9,7,9,9
12243,1,7,8,5,4,1,8,3,5,9,3,6,3,6,4,7,4,3,8,8,6,5,5,4,5,2,9,4,7,6,1,7,7,4,8,6,5,6,4,*,*,*,*,*,*,*,*,*,*,*,*,*,*,*,*,*,*,*,*,*,*,*,*,*,*,*,*,*,*,*,*,*,*,*,*,*,*,*,*
12253,9,7,8,6,8,8,7,5,8,8,8,7,8,5,5,7,5,4,5,5,6,8,5,1,2,1,2,5,7,6,2,4,6,7,6,4,5,7,5,*,*,*,*,*,*,*,*,*,*,*,*,*,*,*,*,*,*,*,*,*,*,*,*,*,*,*,*,*,*,*,*,*,*,*,*,*,*,*,*
12261,6,7,6,5,6,4,7,4,9,8,6,8,7,4,3,6,8,9,8,9,7,9,7,3,2,2,2,2,2,4,2,7,7,7,6,8,4,9,8,*,*,*,*,*,*,*,*,*,*,*,*,*,*,*,*,*,*,*,*,*,*,*,*,*,*,*,*,*,*,*,*,*,*,*,*,*,*,*,*
12270,7,8,7,5,5,9,9,7,3,8,3,7,3,8,9,8,4,8,7,9,9,9,8,4,4,7,7,3,6,8,9,9,9,9,9,9,9,9,9,8,8,6,7,6,6,8,8,7,8,4,8,4,6,9,8,7,8,7,8,7,8,7,8,6,4,8,6,3,6,6,9,8,8,8,7,8,8,9,9
12279,6,4,6,4,3,3,4,4,3,7,4,6,4,6,7,6,6,4,4,4,8,6,6,6,6,6,7,6,7,6,7,7,4,7,8,4,6,7,7,*,*,*,*,*,*,*,*,*,*,*,*,*,*,*,*,*,*,*,*,*,*,*,*,*,*,*,*,*,*,*,*,*,*,*,*,*,*,*,*
12298,3,6,6,5,2,3,4,3,6,7,4,7,7,7,7,7,8,6,5,5,6,3,5,4,6,3,6,4,4,6,6,8,8,8,9,6,5,8,6,7,3,4,6,3,3,6,6,6,2,6,2,4,6,8,6,6,6,3,1,7,4,5,6,4,9,4,4,6,5,6,6,2,2,2,2,3,4,8,8
12306,4,6,6,4,2,4,6,4,7,8,6,8,9,9,8,8,3,1,7,3,7,3,7,7,8,8,8,4,7,7,8,8,7,8,8,8,9,7,8,*,*,*,*,*,*,*,*,*,*,*,*,*,*,*,*,*,*,*,*,*,*,*,*,*,*,*,*,*,*,*,*,*,*,*,*,*,*,*,*
12312,4,5,4,3,1,1,6,5,8,8,9,8,3,*,9,5,6,4,8,8,8,2,6,1,3,7,7,1,3,8,4,9,8,7,8,9,9,7,9,*,*,*,*,*,*,*,*,*,*,*,*,*,*,*,*,*,*,*,*,*,*,*,*,*,*,*,*,*,*,*,*,*,*,*,*,*,*,*,*
12325,3,5,6,5,1,1,2,4,5,7,6,7,7,7,5,5,7,7,7,6,6,4,5,4,5,5,3,4,5,5,5,4,5,6,7,6,5,6,7,*,*,*,*,*,*,*,*,*,*,*,*,*,*,*,*,*,*,*,*,*,*,*,*,*,*,*,*,*,*,*,*,*,*,*,*,*,*,*,*
12330,7,7,7,5,4,4,7,6,4,3,4,4,2,2,2,6,2,4,6,4,8,2,5,7,5,6,7,3,5,7,8,8,8,8,6,4,6,6,6,*,*,*,*,*,*,*,*,*,*,*,*,*,*,*,*,*,*,*,*,*,*,*,*,*,*,*,*,*,*,*,*,*,*,*,*,*,*,*,*
12341,9,9,8,5,8,4,8,2,2,9,3,8,7,7,8,8,8,4,9,9,7,8,5,3,5,6,7,1,8,4,8,8,8,8,8,7,*,8,8,*,*,*,*,*,*,*,*,*,*,*,*,*,*,*,*,*,*,*,*,*,*,*,*,*,*,*,*,*,*,*,*,*,*,*,*,*,*,*,*
12353,8,6,4,9,9,9,9,8,9,8,9,9,9,8,9,9,9,4,6,8,7,9,6,6,6,6,3,7,3,6,7,6,8,9,8,8,7,9,9,*,*,*,*,*,*,*,*,*,*,*,*,*,*,*,*,*,*,*,*,*,*,*,*,*,*,*,*,*,*,*,*,*,*,*,*,*,*,*,*
12365,8,6,8,2,8,2,9,5,6,7,4,8,8,3,8,6,4,7,9,9,7,8,7,2,2,2,6,3,7,7,2,8,5,8,6,8,5,8,8,*,*,*,*,*,*,*,*,*,*,*,*,*,*,*,*,*,*,*,*,*,*,*,*,*,*,*,*,*,*,*,*,*,*,*,*,*,*,*,*
12366,2,1,6,7,7,6,5,7,6,6,3,6,4,8,7,7,3,2,4,3,7,4,2,*,7,6,6,3,6,6,3,7,8,8,4,6,7,9,8,*,*,*,*,*,*,*,*,*,*,*,*,*,*,*,*,*,*,*,*,*,*,*,*,*,*,*,*,*,*,*,*,*,*,*,*,*,*,*,*
12369,7,7,7,5,3,3,6,8,8,9,8,8,7,8,8,8,8,9,9,9,8,8,8,3,3,2,6,3,2,6,7,6,7,8,8,7,2,7,8,3,6,7,6,4,4,6,4,4,8,6,6,7,7,6,6,8,9,7,7,9,8,7,8,6,6,6,4,4,6,4,6,7,7,7,6,6,1,6,6
12372,4,6,7,5,7,4,4,9,9,9,8,9,9,8,9,6,6,6,6,5,1,6,5,5,2,1,4,3,1,1,9,6,6,7,7,5,1,9,9,*,*,*,*,*,*,*,*,*,*,*,*,*,*,*,*,*,*,*,*,*,*,*,*,*,*,*,*,*,*,*,*,*,*,*,*,*,*,*,*
12392,4,6,6,4,3,3,4,4,7,6,6,6,7,4,6,6,6,4,3,3,4,6,4,4,4,4,4,3,4,4,4,7,6,6,6,6,4,6,6,*,*,*,*,*,*,*,*,*,*,*,*,*,*,*,*,*,*,*,*,*,*,*,*,*,*,*,*,*,*,*,*,*,*,*,*,*,*,*,*
12395,7,6,4,6,6,4,6,4,5,4,2,5,2,4,6,5,3,2,2,4,6,4,5,6,7,6,7,3,7,6,6,5,6,7,4,6,5,6,6,7,7,6,6,6,6,6,4,4,4,2,6,4,7,9,6,8,4,6,6,6,7,7,7,8,7,8,7,7,6,6,8,7,6,6,6,8,4,6,8
12405,7,2,7,5,9,9,7,6,5,7,7,8,9,9,9,8,4,7,7,7,6,2,5,5,5,3,2,4,5,5,5,5,7,8,9,5,5,8,5,7,3,7,5,7,9,8,7,8,8,8,8,8,8,8,8,4,3,6,7,7,6,6,4,3,5,2,6,3,2,3,8,3,7,7,7,8,4,9,8
12412,9,*,4,4,8,8,6,8,7,7,8,6,4,6,9,6,7,3,4,9,6,4,6,1,3,2,6,9,6,1,9,7,6,7,6,6,6,9,*,*,*,*,*,*,*,*,*,*,*,*,*,*,*,*,*,*,*,*,*,*,*,*,*,*,*,*,*,*,*,*,*,*,*,*,*,*,*,*,*
12420,3,6,8,5,3,3,6,5,8,5,6,9,6,9,9,8,8,8,7,9,7,7,5,4,5,6,9,7,7,6,7,6,7,6,6,6,7,6,7,4,8,7,6,4,5,6,4,9,7,3,9,5,9,5,9,8,9,7,9,8,9,6,9,6,5,8,8,6,7,7,5,6,7,7,8,8,7,5,5
12429,4,7,6,5,1,4,6,4,8,7,9,9,8,9,8,6,8,1,7,7,5,7,7,2,7,3,6,3,1,6,5,7,6,8,9,9,7,9,5,*,*,*,*,*,*,*,*,*,*,*,*,*,*,*,*,*,*,*,*,*,*,*,*,*,*,*,*,*,*,*,*,*,*,*,*,*,*,*,*
12469,3,4,7,5,4,3,9,8,8,8,7,9,6,7,7,7,7,4,6,6,7,3,5,6,4,6,4,4,3,4,6,4,4,7,6,7,4,6,7,*,*,*,*,*,*,*,*,*,*,*,*,*,*,*,*,*,*,*,*,*,*,*,*,*,*,*,*,*,*,*,*,*,*,*,*,*,*,*,*
12470,5,5,4,3,4,5,3,6,4,6,7,5,7,5,5,7,4,2,5,4,5,3,5,3,3,1,3,4,7,5,5,7,3,3,6,5,2,4,5,*,*,*,*,*,*,*,*,*,*,*,*,*,*,*,*,*,*,*,*,*,*,*,*,*,*,*,*,*,*,*,*,*,*,*,*,*,*,*,*
12488,8,3,8,5,6,6,4,5,8,9,7,9,8,7,6,5,4,1,6,5,6,3,5,2,5,2,2,1,5,2,3,2,2,3,2,7,5,6,6,*,*,*,*,*,*,*,*,*,*,*,*,*,*,*,*,*,*,*,*,*,*,*,*,*,*,*,*,*,*,*,*,*,*,*,*,*,*,*,*
12492,9,8,9,5,4,6,9,5,3,*,4,9,8,7,*,*,4,*,5,4,5,8,5,2,5,2,7,6,5,7,5,5,*,*,9,5,7,5,5,*,*,*,*,*,*,*,*,*,*,*,*,*,*,*,*,*,*,*,*,*,*,*,*,*,*,*,*,*,*,*,*,*,*,*,*,*,*,*,*
12493,9,6,9,9,9,9,9,5,4,8,4,8,9,8,9,8,4,8,7,6,8,7,5,1,5,1,2,6,1,2,6,9,9,9,5,7,5,8,8,9,8,7,8,9,9,9,9,9,8,8,8,9,8,8,9,7,6,7,8,6,8,4,7,3,4,2,2,6,2,1,2,9,8,9,9,8,8,9,9
12506,3,6,4,4,3,3,6,2,7,8,4,7,7,7,7,7,4,3,7,6,7,8,3,4,2,4,3,2,5,6,7,3,5,7,6,7,2,6,7,*,*,*,*,*,*,*,*,*,*,*,*,*,*,*,*,*,*,*,*,*,*,*,*,*,*,*,*,*,*,*,*,*,*,*,*,*,*,*,*
12511,7,7,1,7,4,4,8,8,8,7,4,8,8,9,9,8,6,4,8,6,7,8,6,6,3,1,7,2,*,3,1,8,6,6,6,7,8,8,8,8,7,7,8,4,7,7,8,8,8,8,8,9,9,9,8,7,3,6,7,7,8,6,3,3,2,2,3,2,3,2,2,3,6,8,6,6,8,8,8
12524,3,2,8,5,1,1,9,5,9,9,7,9,9,8,9,9,4,9,7,9,5,9,9,2,5,1,7,6,2,5,5,3,5,9,9,7,5,8,5,*,*,*,*,*,*,*,*,*,*,*,*,*,*,*,*,*,*,*,*,*,*,*,*,*,*,*,*,*,*,*,*,*,*,*,*,*,*,*,*
12531,5,4,6,5,4,9,4,5,8,7,9,8,8,7,8,6,3,6,6,5,6,5,5,4,1,7,3,5,2,3,5,5,8,7,7,6,4,8,7,5,7,6,6,6,7,7,4,7,9,8,9,7,9,2,8,8,7,7,7,8,8,7,7,3,3,2,4,4,5,2,2,8,8,*,8,7,8,8,2
12542,7,7,8,7,7,7,8,7,6,8,4,8,4,8,8,8,4,4,7,6,7,6,4,7,6,7,7,3,7,8,4,8,8,7,7,8,7,7,8,*,*,*,*,*,*,*,*,*,*,*,*,*,*,*,*,*,*,*,*,*,*,*,*,*,*,*,*,*,*,*,*,*,*,*,*,*,*,*,*
12555,8,7,7,7,4,8,8,8,8,8,4,8,6,9,8,8,8,8,8,8,8,4,7,3,7,3,4,4,4,6,3,8,7,8,8,9,8,8,9,8,7,7,7,7,7,8,9,9,8,8,8,9,8,9,7,8,7,8,8,9,6,7,9,4,6,3,2,4,4,2,4,8,7,8,8,7,8,9,9
12566,5,3,1,5,1,1,1,2,1,6,3,9,9,5,5,2,8,3,4,2,5,4,5,4,8,5,7,3,6,7,4,9,5,8,7,9,5,8,4,*,*,*,*,*,*,*,*,*,*,*,*,*,*,*,*,*,*,*,*,*,*,*,*,*,*,*,*,*,*,*,*,*,*,*,*,*,*,*,*
12571,5,5,7,5,5,5,6,5,3,4,4,4,5,5,7,4,3,8,6,6,6,7,5,6,5,6,5,5,7,5,7,6,7,8,6,7,2,7,7,6,6,6,6,4,4,4,6,4,6,6,6,6,6,6,5,6,6,7,6,6,6,6,7,6,4,6,4,4,4,4,6,6,7,7,4,4,4,6,6
12573,7,6,9,5,6,6,8,6,7,8,6,7,8,8,8,8,6,6,7,6,6,8,5,2,3,2,6,3,4,6,8,6,7,8,8,7,6,8,7,*,*,*,*,*,*,*,*,*,*,*,*,*,*,*,*,*,*,*,*,*,*,*,*,*,*,*,*,*,*,*,*,*,*,*,*,*,*,*,*